Relative_Compactness,Surface_Area,Wall_Area,Overall_Height,Glazing_Area,Heating_Load,Cooling_Load
0.74,665.4294022197046,328.6167459026647,3.5,0.4,55.181023523534215,53.62989683631634
0.85,786.7619679960835,419.5783238709101,7.0,0.1,65.9404162931297,52.77838548673922
0.94,627.1726789873027,378.0125144093301,3.5,0.25,52.30141316053562,43.391075229485125
0.83,719.5561629755758,398.5268719351232,7.0,0.1,62.648323703661205,56.687024025674575
0.82,558.9360505778463,309.682858565516,3.5,0.1,46.71734250666413,41.72964095732458
0.8,738.9376945033139,344.6948679456194,3.5,-2.7755575615628914e-17,54.00955430012897,46.62082380172226
0.98,715.0893419935717,312.8603730874138,7.0,0.25,66.47752684613465,51.74935865118081
0.61,595.3361136478458,349.00297399320857,7.0,0.2,59.46887979223308,53.12746866019118
0.64,788.4833605208767,383.3695464502517,3.5,0.1,57.02013270658538,51.58578847588053
0.77,763.2550502339137,353.8536970350268,3.5,0.4,56.30486711130439,53.63235191343985
0.94,734.5382125585342,370.01012334031714,7.0,-2.7755575615628914e-17,61.022519448811366,50.15142980261116
0.97,651.7131403826229,272.9867061032357,3.5,0.1,42.45716112465074,39.4206248034685
0.98,667.852016207814,357.8104547129377,3.5,0.25,56.158251617427375,45.72631145567542
0.69,753.2969498424059,324.5754419634701,3.5,-2.7755575615628914e-17,52.417339361461686,49.78783452393307
0.77,683.9344795824571,292.2334884996344,3.5,-2.7755575615628914e-17,50.17010027571765,45.17239081230987
0.8079999999999999,651.5780104217591,268.9121411000929,7.0,0.1,56.30061220153956,49.451008276599374
0.94,598.2655460297224,284.96254735714933,7.0,0.25,55.44689881766142,47.35351748069007
0.87,651.4744599279172,378.4317558571066,7.0,0.1,59.75196664205725,54.57618419861281
0.734,503.2700287878687,357.43336409795654,3.5,-2.7755575615628914e-17,44.17962583717632,38.63396135172879
0.69,762.1595597450018,316.4840719455788,3.5,0.25,59.13666368567472,54.97365191042682
0.82,631.7185515303125,355.47318741606347,7.0,0.25,64.54672709094854,52.754230084451706
0.8,716.5397938690203,339.9105890476064,7.0,0.25,65.86398266578882,55.13864067514355
0.94,643.9782401205111,396.96105110534495,7.0,0.09,61.46910056176797,55.05749738834145
0.65,790.4621834183158,307.74602149616294,7.0,0.1,63.39978414926072,53.966279321574085
0.84,713.287056744052,316.3845279339168,3.5,0.25,49.47135105083856,44.466559787068725
0.87,796.1441352221057,316.0525077187884,7.0,0.31000000000000005,60.72139354612957,51.925699320901685
0.66,797.0855268875764,318.41156173904426,3.5,0.1,59.114725058786,50.1910758970274
0.802,650.486297786514,279.5612611962891,3.5,0.09999999999999999,48.645113524254015,43.623269863431446
0.84,703.5248165320207,417.7645176649752,3.5,0.25,61.98291331521567,54.34552233378637
0.67,745.531371119426,274.2059636957587,3.5,-2.7755575615628914e-17,48.726075760326765,41.19766343090994
0.96,563.8802358951482,273.12324069567035,3.5,-2.7755575615628914e-17,44.73050946495037,38.922318524184185
0.94,509.7309930766124,376.6157119538816,3.5,0.1,45.70837213848047,42.50362386291688
0.62,607.3077390648727,279.53890288461946,7.0,0.1,58.27088492302683,48.95347624694708
0.68,713.312852898129,280.96755644302675,3.5,-2.7755575615628914e-17,52.9180225599231,49.20225887584968
0.762,561.0524933313134,318.3074390135316,3.5,-2.7755575615628914e-17,47.95835594881041,42.4870045861506
0.736,676.8980934164255,409.5272799392819,3.5,0.25,53.06671162235666,48.212125389664735
0.82,720.5418264421363,279.3146756332503,7.0,0.25,59.78155399873185,50.34640022926582
0.66,733.782545076755,400.45123540984616,7.0,0.23,66.30648387281616,56.35721820296734
0.64,760.9989788699667,403.45721574120586,7.0,0.29000000000000004,69.8933579483287,54.98804343447371
0.97,649.9454095224157,252.1414254809419,7.0,0.25,55.52070437115223,45.4661580734012
0.9,678.6521556340796,332.78205633438864,3.5,-2.7755575615628914e-17,47.48108407262126,45.73802878599702
0.65,525.521598394889,323.63347998938485,7.0,-2.7755575615628914e-17,58.41539703343244,48.91112367929334
0.96,717.2768015957088,290.5037242163868,7.0,0.25,55.84807174764845,47.09335440033196
0.84,515.4846014393283,271.4187570527853,7.0,-2.7755575615628914e-17,57.86321479149371,48.280198902566006
0.75,657.6713159043641,328.8861571399707,3.5,0.12,52.77318357747108,45.58224603696549
0.86,587.5537121647459,299.8764104657283,3.5,-2.7755575615628914e-17,48.44433808673708,39.48160742077825
0.86,603.4861545441516,265.9669220447439,3.5,0.4,49.99078427871124,40.48150458227794
0.8,656.2767852374011,321.12054519696983,7.0,0.1,58.09281967534714,46.47289398794269
0.65,741.8637031414386,395.49809087074846,3.5,0.1,59.18831654519198,50.27289800789784
0.72,500.3790110130821,325.6390970591946,7.0,0.1,56.84085277791387,51.50323949274
0.79,568.1657925986312,332.1815670316141,3.5,0.29000000000000004,47.62878159533727,43.744680212267895
0.83,702.7267635909798,360.9784111513777,3.5,0.4,57.85229548752741,46.6673867468084
0.74,567.0327428175685,331.6950043387349,7.0,0.1,55.69243059252243,51.923333095904695
0.92,533.6995572080625,294.45814662009,3.5,0.4,51.06733821870202,39.93351747405762
0.6,614.5057206486186,301.8574313326252,7.0,0.25,62.08095320051386,54.86125249781991
0.73,557.9470034591518,304.687881013799,7.0,0.4,62.12045910398481,52.64464644696389
0.79,553.6918039862226,309.62244536625207,3.5,0.18,53.86600940593681,44.23816116980503
0.794,653.9872201314035,370.5185103257976,7.0,0.25,61.83146307618949,47.17828543412205
0.68,663.339138911902,296.29884351650605,3.5,0.25,55.10514946418139,45.64565205375473
0.96,657.3522497634136,358.44483262983147,3.5,-2.7755575615628914e-17,47.82333177128646,43.21653212105974
0.754,751.5953228058205,253.80852643969072,7.0,0.4,59.74041563671739,54.65914241976159
0.93,520.4911729264776,325.22282960880204,3.5,0.4,53.81830875622248,45.38384633631544
0.74,539.3483899123046,359.2334661979128,7.0,0.25,58.55355222134988,50.89275832902034
0.72,587.3070518919629,390.44811271249296,7.0,0.4,69.29138802956581,55.9222914686587
0.65,625.193016448077,369.0273829395917,7.0,0.1,66.277578436417,52.57852810171649
0.85,520.9639702136681,257.39933859148505,3.5,-2.7755575615628914e-17,42.97150836631066,37.98843731857537
0.66,551.2081498029069,396.2705446476908,7.0,0.28,65.28318907159519,55.17822631752647
0.86,711.3523053583533,281.3270433989832,7.0,0.25,59.88783491069045,49.26797949121051
0.63,635.9213649829029,341.58163368090163,7.0,0.4,67.74664929458088,57.68838824713821
0.66,780.8029097407084,296.70488261602407,3.5,0.25,59.3755213255241,51.251442062877686
0.762,602.9039151896486,252.8989323584854,3.5,0.18,42.14096250429327,37.57490164927626
0.89,788.5343246384936,324.5425677683283,3.5,0.25,54.560586369399935,44.18671137777512
0.65,673.4571527278728,274.1865703665465,3.5,-2.7755575615628914e-17,53.2524498601285,44.07696202439937
0.76,574.8049470076403,343.7814169220091,7.0,-2.7755575615628914e-17,59.20893876120415,52.85208831361111
0.65,657.4643661254058,394.46388303358407,3.5,0.1,53.30778471028617,46.79220414422495
0.79,787.9439985943078,414.9726028894444,7.0,0.4,68.18031365823008,57.92782547800074
0.97,703.9208084922159,402.17144537483193,3.5,0.25,55.81657328447199,43.755128617891714
0.73,686.8427994686207,325.70116254818487,3.5,0.1,55.43934716665131,45.68904933698461
0.91,590.4645965101843,415.1428817182801,3.5,-2.7755575615628914e-17,50.543597765444304,43.82170337584671
0.65,649.4117458039754,311.53013254256757,7.0,0.25,59.74320335933877,54.00444075946131
0.74,501.74546286713854,297.46189766968524,7.0,-2.7755575615628914e-17,62.75493636319699,54.1070068492809
0.72,663.0100550328756,301.14244511297625,7.0,0.4,63.74856546039886,54.01312619050579
0.67,575.1020402230757,405.954159493698,3.5,-2.7755575615628914e-17,54.25266279141978,44.57281436445026
0.71,688.7332989111546,371.1618166488463,7.0,0.4,63.85097785193657,56.43381691973474
0.92,616.7241688350999,376.2284166331533,3.5,0.25,53.60434420990929,46.17017316517772
0.82,782.9244672943939,309.96327484168586,7.0,0.4,67.83849738165043,53.98632763697956
0.9,735.0376232099131,262.707755019777,3.5,0.12,47.671280551213805,45.24592363440152
0.78,792.6765767290469,301.6960208627544,3.5,0.25,53.60391169670896,47.57003510085329
0.74,564.4934376908728,342.86504358003447,3.5,0.25,58.64851414086628,48.57133809308152
0.92,584.050917108498,405.3904154169037,7.0,0.4,65.87284180587125,57.440346085130834
0.88,584.6647513450024,396.5323479683939,7.0,0.4,61.39800844642067,53.9252535343198
0.8,521.5841689432565,324.90136876629714,7.0,-2.7755575615628914e-17,55.34265678181242,46.36881380236816
0.93,726.8190311121559,259.8641194452948,3.5,-2.7755575615628914e-17,46.575064537792336,39.630175161402605
0.64,587.355404106137,382.38328312154897,3.5,0.25,56.68074007258438,49.8717211095769
0.66,632.6261660910893,409.46419379055993,3.5,0.4,65.33156384527912,53.41331953523331
0.88,661.270436305035,362.8579571506265,3.5,0.25,56.921398290672656,46.264587146292655
0.78,693.2301280750874,263.91963854940275,7.0,0.1,54.30573552820367,47.44770022195908
0.772,653.7170266422067,353.4268661516867,3.5,0.1,46.09475087721544,41.17211470041674
0.89,531.6828683041973,410.6728306235868,7.0,0.4,62.03393696972396,54.86156938244915
0.6,667.871033122701,404.38732267028894,3.5,-2.7755575615628914e-17,58.00729519048958,50.43315932761506
0.92,641.5600490102529,264.3077574629916,3.5,0.4,47.44831106907976,42.16213080339298
0.82,573.6241035067283,329.19394454833173,7.0,0.4,60.88134044882408,49.63016094934184
0.86,732.5676918631082,273.23079581490765,7.0,0.1,59.05421242577336,49.45388763182307
0.98,665.7061102681439,325.01439130259064,3.5,-2.7755575615628914e-17,47.60474833289408,38.56994550058945
0.98,746.3739901368474,300.2268965999188,3.5,0.4,55.46690559533674,42.96037917637529
0.75,597.5031386765917,379.6261503889551,7.0,0.4,66.78065401835477,58.72449577505712
0.73,519.3369964569964,358.70931549272314,3.5,0.4,58.929084193666384,50.41885267500291
0.71,605.7420418458371,271.0143183849645,7.0,-2.7755575615628914e-17,57.97778748593989,45.69298203299014
0.82,673.5003651076355,327.67470768044063,7.0,0.23,63.34933879353082,48.43786445593917
0.81,661.7920662601102,390.7563414567833,3.5,0.020000000000000018,56.1204045989977,52.82614580863167
0.91,755.1875010006222,393.3456738920533,7.0,0.25,66.39951047186604,53.82880537745707
0.83,707.2721270453924,309.9907844462472,7.0,0.1,58.52274277212081,52.89736981309832
0.9,631.3045736747006,343.07341532787,3.5,0.25,52.70396712694876,45.99799180737068
0.65,729.205415783384,371.36885767646527,7.0,-2.7755575615628914e-17,62.57254608089232,54.09884029608919
0.8,548.295564930334,415.9265805320965,3.5,0.25,54.94448806688707,48.01231705228977
0.76,692.5388149742327,379.6005195111178,3.5,-2.7755575615628914e-17,56.38400943674868,47.09032695565943
0.71,558.9210961418728,375.0100858206027,7.0,0.4,63.12599071550218,59.26075328085283
0.92,706.9722176439902,401.21122260531615,7.0,0.25,64.42559097327407,51.58211703405433
0.94,625.2769789638489,398.5326515205658,7.0,-2.7755575615628914e-17,55.59867283125915,48.85945078705352
0.76,666.2918423041564,295.2070987520164,3.5,0.4,59.07308700389842,49.61037769916316
0.87,572.6311929914343,341.40035621290116,7.0,-2.7755575615628914e-17,54.77296663436388,48.18045553770114
0.67,772.0979047403642,280.97441996396645,7.0,0.1,59.63630125656282,52.00073875557418
0.83,674.2042071629169,279.9963178641121,7.0,-2.7755575615628914e-17,54.15011175432342,47.309280834021415
0.76,694.9782697582681,266.63973075178615,3.5,0.18,53.86637966777332,45.643746122956976
0.84,797.79522122244,357.78186460988604,3.5,0.25,56.07170476462714,51.01156257455662
0.61,561.5367486214361,306.5600572040452,3.5,-2.7755575615628914e-17,52.20451068483852,41.36647146323282
0.76,571.8193942572036,284.7458149188074,3.5,0.1,51.16488474700069,44.245521030154
0.81,754.3464294595436,301.7600014449787,7.0,0.4,64.28190330185181,55.68307489118956
0.99,702.7703369052392,355.6975168130828,7.0,0.25,59.47083121618213,49.99475180309823
0.99,697.1043279604512,414.5830963556388,3.5,0.4,59.20805591772309,46.83266700930834
0.8,756.4506374428765,272.34090794953823,3.5,0.4,54.14450283363739,47.97718863058872
0.67,780.4159483720607,293.08692984172274,7.0,0.4,65.3855651902464,56.24857128881055
0.72,676.4133856686859,339.07252639983756,7.0,-2.7755575615628914e-17,58.97111517103738,51.89541274539242
0.804,575.2747182701826,282.85437181500737,3.5,0.4,57.02726606858691,43.08404417373688
0.69,580.4585929577136,404.96850422795006,7.0,0.4,69.22525614794719,57.97256506766181
0.9,762.857522367765,332.19156976356,3.5,-2.7755575615628914e-17,48.90801785777369,40.99328430529204
0.62,544.2424249547004,351.24699913267216,7.0,-2.7755575615628914e-17,58.78353570885186,53.69309202920512
0.78,625.4141208279714,326.7957558691121,7.0,0.1,63.396910792587946,50.39616598946663
0.97,548.1258970709969,371.902807619549,3.5,0.4,53.07616892098447,45.92668290063243
0.91,705.3097984633748,320.23577359807524,7.0,0.09,60.49114801880963,50.80561408473914
0.858,699.6143791359682,362.277387873854,3.5,0.25,57.90476407075613,48.84691998166045
0.62,769.6084356432866,268.24970705638447,3.5,0.1,57.04987215222063,46.68360957940503
0.91,638.023078107717,360.63434024237097,3.5,0.1,48.59752049645989,42.51307814070711
0.65,568.951842735831,370.5782429459275,7.0,0.1,65.00243301372062,53.58232162641571
0.738,609.2235487151748,279.231082645532,3.5,0.25,54.9640017672803,46.02513248924826
0.62,709.1771407041541,374.8076815191394,3.5,0.1,56.19157340667947,55.60796473289464
0.698,528.8921781895976,264.43408358822865,7.0,0.25,54.69521915500137,44.60807684487087
0.65,669.9166192447556,283.79817985257165,7.0,0.4,59.99658178976932,51.98808266978824
0.68,638.1572288677895,329.99273924082564,3.5,0.15,56.70249640185966,47.15913521108812
0.62,525.8232353242473,370.8257838624015,7.0,-2.7755575615628914e-17,63.453118364599376,49.89702289282193
0.82,788.8657754737616,353.71223994429874,7.0,0.4,63.58256842375902,55.36003440602122
0.63,717.5129195499308,280.53899719751416,3.5,0.4,60.00560583942553,49.96513681467539
0.69,644.8285957801799,257.5154123681478,7.0,0.4,61.8580162097438,50.40663757705472
0.79,518.7553844196053,321.3435127404824,7.0,0.2,56.721273665091154,53.45436198081387
0.61,643.2070715417483,362.8173535499299,7.0,-2.7755575615628914e-17,64.56590649821771,53.05301728622337
0.81,769.1024331658238,308.475962239313,7.0,0.25,62.77362504134792,53.82741411056372
0.67,690.4853039494803,307.6147523538913,7.0,0.23,60.39573055471095,54.26782584660819
0.84,599.4989292075225,353.2869907665503,3.5,0.25,55.06015003900506,45.94922720029704
0.7,646.0329896633975,334.41539698255843,3.5,0.4,59.45857395847023,49.725723103820144
0.93,682.4868927712296,402.1758469124636,3.5,0.1,58.56225083586693,45.61884463517312
0.87,572.0322012018354,296.0541626668199,7.0,0.1,58.40443758903239,53.90277711878164
0.82,725.0889522699805,279.45756331261515,7.0,0.25,56.277679412250016,52.49978939824434
0.86,698.2147957301329,278.8345218496704,3.5,0.25,53.95250039559996,45.46324149047395
1.0,670.4153233428539,251.07181181470492,3.5,0.4,49.00946241055251,45.77261213143427
0.76,729.712191024713,289.38298109347625,7.0,0.26,58.1375462565506,51.1289238680311
0.74,720.8164130814895,356.29250200552707,7.0,0.4,65.05436649516339,57.43136191321095
0.82,579.3359930883504,328.8941552569919,7.0,0.1,59.63717586012249,50.00142550280547
0.63,656.8357672035388,328.2351659535834,7.0,-2.7755575615628914e-17,60.47444926818942,54.88664724021832
0.63,647.9813400356668,333.5939215879403,7.0,-2.7755575615628914e-17,57.340330025586894,48.205219504927726
0.84,600.0838859105967,309.14257849466486,7.0,0.1,58.39372536280208,47.00091588872835
0.89,585.6943214431328,356.0554832165967,3.5,0.4,55.23808693882703,45.1471866309444
0.864,536.6109824782295,394.5884365907375,7.0,0.4,60.7830059097643,52.37003431127089
0.87,722.0051794742892,281.9276453823243,7.0,-2.7755575615628914e-17,54.64230378532367,51.785978016337786
0.9,509.8912696737745,282.4440458142383,7.0,0.25,53.22609265357525,47.656515934734216
0.74,742.133082425494,336.36769382974336,3.5,-2.7755575615628914e-17,52.5810099775068,47.89446454757217
0.832,755.7529934930319,378.4265338204788,7.0,-2.7755575615628914e-17,61.884028076338126,52.08002879245829
0.69,687.8069195143114,326.91332254046085,7.0,0.25,62.0137854700057,51.99725313984993
0.73,575.3928934240167,258.9065950339966,7.0,0.21000000000000002,55.81115831390299,48.854587732727445
0.61,560.2612788852948,347.537806983187,7.0,0.25,66.00376367075825,53.863418718516215
0.8079999999999999,521.9960624944811,381.877582067789,7.0,0.25,56.0806507638278,48.65219376919593
0.88,770.3476588176804,277.45204347254764,3.5,0.4,54.445499977262784,45.65415331199428
0.97,649.5305433784015,416.4912194453983,3.5,0.1,52.31466328781664,47.800526327991605
0.73,692.4153568719839,302.2139636086892,3.5,-2.7755575615628914e-17,51.18904026823973,43.742934859439
0.95,797.574619300322,346.0884666859863,3.5,0.4,55.994363902884615,49.74217980872604
0.82,523.9615805881772,260.62921585521764,7.0,0.25,58.019649439148615,45.85767103613378
0.92,735.1055073465012,358.02773330224045,3.5,0.25,56.35476085674216,43.72386449655587
0.81,759.0855579303577,356.8688457430842,7.0,-2.7755575615628914e-17,57.9684128347326,51.23118389462186
0.61,739.2451025335178,366.5396256148748,3.5,0.1,58.154556183787314,48.26958342804692
0.7979999999999999,760.8292343404587,348.54595995161935,3.5,0.4,59.45911320461295,52.40202677190769
0.9,591.8640719365835,405.4725502111694,7.0,0.25,64.0470741140907,57.955806131766025
0.99,785.7506258031574,326.6169790569084,7.0,0.4,60.72824242620596,54.72175202573709
0.85,763.9485749799107,380.5380568428361,7.0,0.4,66.04695798494897,56.61947222726234
0.88,695.1563216188769,362.24478168390846,7.0,0.1,61.061642845620526,51.40997863534708
0.96,662.726724516709,349.34217357607935,7.0,0.25,60.47304374704551,52.62266503451272
0.91,748.9104189878922,355.6692835152238,3.5,0.25,53.81441042508528,45.54279005977954
0.93,745.496297989753,395.0872107276688,3.5,0.4,60.49924434667626,52.15584016328008
0.89,526.9122471318088,408.5754740261145,7.0,0.4,63.618872903330406,53.044255059914285
0.82,657.793680638238,387.7283644541548,3.5,0.25,62.06924778945863,48.0807018607413
0.88,603.0419324240765,356.0942326198367,3.5,0.1,48.42268212348369,43.431062617715455
0.75,555.3665111868356,308.25644226267593,7.0,0.18,57.85071500778021,53.36038036829692
0.64,685.8113881543525,319.1502529612169,3.5,0.4,58.38654459038505,53.8610230637916
0.76,697.0184918587671,291.0606392435152,3.5,0.1,54.9123821093573,49.46537600161865
0.728,599.526600892812,301.03577882178007,7.0,0.2,62.56392506046558,51.94496981492448
0.76,676.1392496381019,412.0126010694719,3.5,0.1,58.28120096626523,49.12277876486941
0.96,743.7588607337282,335.1411868919574,7.0,-2.7755575615628914e-17,56.36306256607887,46.18818872168877
0.91,713.0136288437013,350.41155181834296,3.5,0.15,50.45092552585948,41.95487888577237
0.71,588.230263534999,253.47744129169575,3.5,0.25,51.70627035003101,43.60761929850178
0.97,799.551943646451,322.5606174469581,7.0,0.25,61.30238908167479,52.911044906015576
0.63,762.0068264216848,393.8147823936929,7.0,-2.7755575615628914e-17,68.44152768780809,57.1830141229804
0.81,729.6680742084014,407.2324627825408,3.5,-2.7755575615628914e-17,55.77616579707818,52.58750892061403
0.66,795.1539481647511,344.5507377810582,7.0,0.4,68.54043945114176,57.517828672499206
0.73,751.8301868649514,334.1330146974228,3.5,0.1,54.7778781887109,47.35172293612933
0.75,707.0143132557187,255.70172900893007,7.0,0.4,63.85258023179389,52.9988689744745
0.77,754.6231166241632,326.1087947350833,7.0,0.29000000000000004,60.48559235609104,54.71836288491763
0.87,530.4709548989565,323.525632899253,3.5,0.1,47.32372423028639,40.76755067205476
0.86,673.6689656903915,357.35749396655547,7.0,0.25,64.8845600157164,51.91053895436785
0.81,592.4522474525452,352.3015272554358,3.5,-2.7755575615628914e-17,49.97177817936216,46.63048508008269
0.71,645.2172658040492,391.5842104301165,3.5,0.22,58.76400084415012,50.07358816229956
0.74,761.5861084249958,349.18461733356526,7.0,0.4,65.45462558429662,54.41242803231509
0.828,595.8360903339653,318.58629120834024,7.0,0.25,63.0893561831682,54.85470098411063
0.63,528.1310377625555,295.9994983274375,3.5,0.25,53.70488003003988,47.8217783718978
0.74,517.7044194595873,389.7195360873212,3.5,0.18,56.09170163682824,45.47981213217032
0.83,594.1842951575636,411.4736648057733,7.0,0.25,63.466457877655735,55.37046091987455
0.84,575.8060393250385,340.15894459294736,7.0,0.25,57.51583386962754,53.87462633242948
0.86,504.5120166431787,379.331025085354,3.5,0.4,55.90279644108411,47.35058628488607
0.71,602.6111003348805,404.2287421072722,3.5,-2.7755575615628914e-17,55.43412568827934,47.85321382696644
0.79,674.8574258141041,329.731360314099,3.5,0.25,56.141138520646514,50.57659135729433
0.99,635.2269424412812,338.6749519528692,7.0,0.4,61.52392374423687,53.37060075662572
0.8079999999999999,508.8889013020324,373.7088307148176,3.5,0.4,58.30059435102312,50.49067786042549
0.78,547.5320600885984,419.9055310994113,3.5,0.1,54.25923468704821,47.53516474735287
0.63,614.5052538781606,373.5337398985495,7.0,0.25,64.20512396607953,56.916665013446654
0.66,744.4544322244054,340.2992073955578,3.5,0.1,57.16082092319427,50.45062105668948
0.86,659.9697763743245,276.1413034516977,7.0,0.25,54.8703882132278,48.26117920617352
0.98,669.8660494909232,366.32630994761166,7.0,0.1,54.362569337537245,51.1075725111064
0.97,642.5377258688923,360.9897495444221,7.0,0.25,57.217424899046456,50.093162977382846
0.734,764.1504041233809,341.31284734915704,7.0,0.4,65.18320904835339,56.87656982118372
0.79,732.3055373604343,316.8522910611947,7.0,0.25,65.78182977154577,53.211419557776814
0.99,724.8415297489184,293.1272403240289,7.0,-2.7755575615628914e-17,55.63822513065568,49.04750428765977
0.82,791.8631479944921,394.7008352055181,3.5,0.1,57.14892423189678,48.11889986690412
0.97,506.1701834412145,341.8815983458155,3.5,0.25,49.48938644621842,44.028630777119446
0.93,671.599531112851,375.755551770685,3.5,0.25,52.37309297334512,47.261659410107626
0.81,702.7393344776704,345.9658066581802,7.0,0.4,63.03638735953125,54.82002911257608
0.69,797.9937486023293,415.7750545220288,7.0,0.25,71.88263314109732,60.655920456377416
0.74,621.7603722378642,355.3424977840476,7.0,-2.7755575615628914e-17,54.08334631255382,50.850913557259965
0.89,652.3878650497546,254.90064403971192,3.5,0.25,47.41670833921729,40.359636823040006
0.9,510.427654882883,324.3363139775705,7.0,-2.7755575615628914e-17,53.15080261770366,47.22765501144227
0.94,694.7235287637421,378.3088843646201,3.5,0.25,54.85335162574904,48.11149008976594
0.79,507.103816034829,322.60396758969995,3.5,-2.7755575615628914e-17,54.48499236748023,44.5260251188268
0.8,510.959256758383,384.03377856541294,7.0,0.25,62.30509773949144,51.37148933094272
0.61,581.6056221205226,358.3181283906076,7.0,0.1,61.88485781274872,54.3060739236192
0.77,716.2671959071986,286.2391228589323,7.0,0.31,58.767919131149206,47.97291838662965
0.92,693.3042308071142,266.18406818019145,3.5,0.4,50.41537479959165,48.76723336950391
0.85,600.2116248758028,307.908783563382,7.0,-2.7755575615628914e-17,52.6199992482113,46.41119952436436
0.61,670.4349587087918,345.8825062704342,3.5,-2.7755575615628914e-17,52.65134165163689,47.09394594663157
0.7,764.3837318614704,355.2602462280006,3.5,0.4,59.904682872541436,54.923453912442056
0.87,733.6569706236334,313.3706280094297,7.0,0.25,55.946403343235644,51.22917730659032
0.88,549.1231425318049,342.4394267413985,3.5,-2.7755575615628914e-17,47.16959124789815,40.15842815063142
0.8059999999999999,596.9031517347496,268.32929489237745,7.0,0.25,53.78387226595587,49.81154658555312
0.824,603.0750691759447,394.8026570048816,7.0,-2.7755575615628914e-17,60.39859167351904,53.53964297645287
0.8119999999999999,657.1403122253622,333.1311341295458,3.5,-2.7755575615628914e-17,52.76219679692105,39.52458969948211
0.82,685.0381664090525,267.3907361731136,3.5,-2.7755575615628914e-17,48.4192986971688,42.8664051864569
0.94,651.4362994212647,270.08848315108423,7.0,0.1,53.75704486948664,40.676046464269945
0.65,544.4160811332702,388.2921617634805,7.0,0.28,60.8505016660312,50.550913146729705
0.68,710.7958068462773,289.2661444908045,7.0,0.1,60.33717599965808,51.63579595252567
0.96,520.7175381556199,295.9635922371453,7.0,0.06,54.8223707880568,48.08414902301656
0.72,667.4968092532267,282.366294486647,3.5,-2.7755575615628914e-17,50.75851897021706,45.641978304858384
0.792,622.8117191723416,287.3715780832868,7.0,-2.7755575615628914e-17,54.406620563828426,42.91069973773781
0.96,557.9120696235502,273.31303366439124,7.0,0.1,51.7228807693457,42.64505470543401
0.79,718.4916454709783,317.9457161622087,3.5,-2.7755575615628914e-17,50.61969644891194,42.72497051626152
0.856,610.2508125337716,262.6278487366138,7.0,0.17,60.44749857633224,50.500904419805
0.75,646.3386878061258,398.064205534998,3.5,0.4,56.16543184725136,52.38425473735876
0.8,709.9996545969213,352.4925814430095,3.5,0.25,56.74033411590818,51.4730019657124
0.73,749.1105481639221,304.35559020747604,7.0,0.1,65.36496179107425,51.77874976031223
0.74,549.9929934054732,306.03558498320143,3.5,0.4,50.84350971953881,42.83435134492229
0.79,618.0878312394639,341.68628985876194,3.5,0.4,58.46377102398819,49.198322502256026
0.61,523.6264120448798,267.6924643676033,3.5,0.25,49.090110632288045,47.14150682562792
0.73,519.7182195246925,417.3446049753241,3.5,0.1,58.04455879944978,48.6019642091893
0.73,660.7889436733833,372.19588749874407,7.0,0.1,66.42078008497245,54.5383537612056
0.9,678.1857169670308,330.98486954061417,7.0,-2.7755575615628914e-17,54.96855598651055,45.26593109722948
0.92,549.0719297135348,391.9109266464847,7.0,-2.7755575615628914e-17,56.4071379754482,48.15497253795224
0.95,545.253719039752,350.2994085230503,7.0,0.25,55.58497813471162,44.04754228250441
0.97,697.3758928565722,344.10905075049567,7.0,0.4,63.90290270262367,54.938696921444894
0.93,750.3335660868815,396.4586249815739,7.0,0.1,62.22554377373953,47.91992552333607
0.71,796.1816229931023,359.14646270940483,3.5,0.1,57.26007008405422,50.991618443277936
0.75,585.1742922752671,364.5291769569442,3.5,0.25,56.33707236170418,47.55724661613174
0.83,674.727067851208,390.10194122040434,7.0,0.4,70.04035890911416,58.31066789960836
0.798,720.0723292568489,345.71244417236005,3.5,-2.7755575615628914e-17,57.26506327907841,50.14536919264
0.9,508.2659242609527,329.1200325641816,3.5,0.1,46.49373821667094,41.9493996980256
0.79,587.607634255935,371.39157870095136,7.0,-2.7755575615628914e-17,59.14177638774989,52.55797681945474
0.97,633.7993329914411,370.96766191668763,7.0,-2.7755575615628914e-17,52.06235697602819,46.24054436723181
0.88,601.9470987100931,350.8622194389219,7.0,0.23,57.66486481806131,44.44425322898301
0.89,771.5433383437778,311.0660225039138,7.0,0.25,60.3703843982124,57.33625003965044
0.67,777.4413519439984,396.97442848239024,3.5,-2.7755575615628914e-17,60.23934639955019,48.38738801470003
0.98,602.7335168094427,323.9237485620191,3.5,0.4,48.7327015882575,46.38491764513973
0.99,619.7386631461067,386.0128019948197,7.0,-2.7755575615628914e-17,54.94503592075323,46.78396483186222
0.84,733.068430132457,381.9348556663592,7.0,0.4,64.50130067408634,57.842996601639015
0.68,547.476675300188,252.44761722198515,7.0,-2.7755575615628914e-17,54.47588468097576,46.85074803458678
0.63,537.4372715443327,400.8002618441689,7.0,0.4,66.97976294045334,57.44601035161144
0.91,723.2731190327959,344.00231934738326,3.5,-2.7755575615628914e-17,52.25460689095771,43.04711974649768
0.85,657.9843606918448,344.57635046310435,7.0,0.4,65.84577327830965,55.08999256545796
0.66,555.0144244039725,307.7185966269295,7.0,0.25,62.43047483788484,51.83583349356919
0.92,630.7943287194589,391.3469809676896,7.0,0.25,62.31172446145934,50.79961793988864
0.67,625.0786041447545,272.08175637048174,3.5,0.1,51.64140983490967,45.282660607989726
0.68,684.9762952187128,331.1877779083429,3.5,0.4,57.72306004898729,53.39470986380076
0.83,795.2090483339236,292.2520925370024,7.0,-2.7755575615628914e-17,55.7089038363217,50.39390473765363
0.8,611.6010537798778,379.7779880140977,3.5,-2.7755575615628914e-17,53.64995638937082,47.91656046163303
0.85,532.8014934124476,363.1427560972829,7.0,-2.7755575615628914e-17,51.30633063911577,41.54206670227573
0.81,724.4970499506207,273.130688450037,7.0,0.1,56.53989516406899,48.82212694348016
0.93,671.4675232594354,283.5729940229473,7.0,0.4,59.21489927005983,50.592779823951616
0.6,750.0640375412903,399.6104594245247,7.0,0.1,68.24457911654952,54.36241080668778
0.76,683.7140553541689,319.17325402112647,7.0,0.4,69.55965106160633,52.8281321801461
0.93,671.0585929382792,254.22743112605983,7.0,-2.7755575615628914e-17,55.52937988716015,41.3359305940339
0.82,651.4133979534382,379.3471849887368,3.5,0.4,60.78405847662771,51.207739432554646
1.0,645.1588431209894,331.63064262546084,3.5,0.1,48.55632402104397,42.39218927034172
0.99,730.9243572194222,330.05633455689184,3.5,0.25,50.29253895942952,45.277943039992266
0.98,667.9278531496487,419.5573946517648,7.0,0.25,64.84284963866408,55.77674521939439
0.99,512.4909502849006,306.8167775687833,7.0,0.4,53.494239367563225,46.61572475897622
0.786,552.8310387086192,334.392567811322,7.0,-2.7755575615628914e-17,54.57200573033754,45.58478853223688
0.8,537.2890713544223,306.9347865911745,3.5,0.25,52.26107002631954,45.74388266602011
0.81,533.9054936976264,340.0114733068746,7.0,0.25,58.53351948737348,50.08386948206866
0.806,621.954928631902,412.5609476794178,7.0,0.25,70.81109811146,60.07691001314416
0.69,537.9522607603908,255.07731786920823,3.5,0.25,48.9730095870358,45.10286403954883
0.67,631.70449998949,373.55024777605286,3.5,0.4,60.03636013487324,50.49710097231665
0.65,775.9237744554805,342.762081924456,7.0,0.4,66.35652628328748,57.81868878864275
0.7,640.2484374698806,295.74570849397,3.5,0.1,52.400856732501246,43.28431533484506
1.0,574.4482138281192,304.977467068754,3.5,0.31,46.89708131644981,39.478511505695
0.6,525.6664834528766,326.243624897812,7.0,0.1,55.69392360344622,53.07820990669949
0.79,567.5191757974711,340.24466784363625,7.0,0.1,63.44104024504641,53.279545530565485
0.93,741.7144448150029,252.83234114880295,7.0,0.25,57.91904657391488,49.36561975936539
0.75,635.6166145792374,384.4455283775523,7.0,0.4,66.31246333749996,60.500633117428464
0.72,656.9708456333783,367.2332751895678,7.0,-2.7755575615628914e-17,59.82739164685817,53.391548361714015
0.78,779.5516279673875,314.8899647266532,7.0,0.25,61.74123582115646,51.6504450236535
0.92,627.2500387911546,289.3807550769313,3.5,0.1,45.417674490474575,38.84411488575448
0.71,536.5663984944529,334.5100099548007,3.5,0.4,57.63215633477305,47.046802129414594
0.95,677.5552191137486,307.36975915328145,3.5,0.25,47.11831559875501,42.09194575966594
0.71,691.2663863241995,383.11586711011466,7.0,0.1,63.24196107811306,50.34712630495004
0.75,602.4343326721438,358.4733296898164,3.5,-2.7755575615628914e-17,51.98101442125834,43.01480626152904
0.76,773.3136266604674,372.88672179515015,3.5,-2.7755575615628914e-17,55.19483684054031,46.65099920728742
0.86,700.5336565118531,355.8485905748674,7.0,0.1,61.637535508296615,53.52245265395251
0.87,572.6145551097592,345.52615108670506,3.5,0.1,57.6096557888952,52.37195852952364
0.822,714.2361588122212,399.3206951180457,7.0,0.1,67.86205163053174,55.24109868176935
0.65,660.4768292206694,358.9075321184994,3.5,0.25,63.85883654680912,50.09813773121834
0.66,788.316769702134,410.0932708742516,3.5,0.25,65.83218358500066,52.57910993767722
0.78,572.1319690205836,330.3931315647156,3.5,0.25,48.49093452975139,45.81378001666848
0.868,638.4198000029575,336.170338525526,3.5,-2.7755575615628914e-17,44.75972610317895,44.88110542887685
0.84,702.8226081027651,314.74387869164315,7.0,0.4,65.03820850238998,56.44994135144854
0.9,543.9387603475841,324.3054749922373,3.5,-2.7755575615628914e-17,43.172770174216375,42.26343040656219
0.86,574.1927161510243,329.39980995175983,3.5,0.13,54.39810963553501,47.42384874133718
0.802,592.0273723013075,309.38415712193176,7.0,0.25,56.36220525866823,48.18175421713904
0.96,612.746083611983,329.66984412112396,3.5,-2.7755575615628914e-17,51.63038831138646,44.17066249710036
0.84,602.5941831876656,356.50425244538127,7.0,0.4,64.43661737635861,50.75605161280777
0.99,516.477533189087,370.0271095430125,7.0,-2.7755575615628914e-17,50.01895773472421,41.67122161519625
0.7,611.6276187859526,326.27719292684696,3.5,0.25,56.61431177058677,47.632293366658764
0.9,555.194039730744,360.33142893705406,7.0,0.4,61.98999380328254,51.4154557133886
0.87,658.1271628283214,403.1108774670656,3.5,0.25,54.01367613289394,47.69057422748572
0.86,691.0993235780571,322.3882096743316,3.5,-2.7755575615628914e-17,49.62227803717587,41.53950243184936
0.65,569.4877647682582,295.5688580126598,3.5,0.17,57.74841942533799,49.76245772548954
0.76,541.8868006419455,362.7037227398709,7.0,0.25,61.28905274495244,50.71741276227704
0.85,539.3210855687036,259.8529969449099,7.0,0.1,53.88163417164073,44.2372652924208
0.92,493.73365711405586,399.6640694177238,3.5,0.23,58.50526025305794,54.50087217655606
0.61,798.7287676264393,317.6166499722563,3.5,0.1,58.8004264014979,51.11316259880381
0.832,511.43879149944536,366.3844832192432,7.0,0.1,63.52139675909924,51.535830944182045
0.96,651.1826860883168,334.150670514709,7.0,0.09999999999999999,58.02077036317706,47.94565000212897
0.61,548.8822204995411,346.9137408814047,7.0,0.16,66.99872429462445,55.936761690663694
0.65,537.8760243875416,331.5176948385951,3.5,0.25,59.78073790891301,52.91496948025953
0.91,545.9420901971184,398.6090087305007,7.0,0.25,59.73332285629789,50.95142937988157
0.83,700.1406663254435,280.798641648793,3.5,-2.7755575615628914e-17,52.39916902648406,42.83016685701
0.99,535.160285761513,301.0715854921148,7.0,-2.7755575615628914e-17,52.235156094768165,38.94198590368379
0.97,672.3849337988299,408.0749894349743,7.0,0.25,58.81315376352632,51.8223448849654
0.88,567.9568999636897,255.7595040470813,3.5,-2.7755575615628914e-17,42.63539879341378,40.58774395832171
0.65,786.8037360767015,296.26818865532647,3.5,-2.7755575615628914e-17,53.075409070999896,43.95138867920439
0.75,650.0534924040264,336.603822319485,7.0,0.1,60.84145568870185,49.76007827701789
0.788,745.0568737924596,392.0786895733359,7.0,0.25,69.57609226925246,59.15126628684286
0.68,783.2798549318471,319.7672882107355,7.0,0.25,64.12776780131729,56.57258721185839
0.96,596.1054210903336,287.92051414440704,7.0,0.1,52.79532493755555,45.05635330114622
0.74,503.6077854524157,301.98594843710373,3.5,0.25,54.25764410799529,45.17500890663956
0.78,793.9074238661904,294.8655895117652,7.0,-2.7755575615628914e-17,57.51917375453224,48.61983439693974
0.81,552.4514992871945,276.2174406747987,3.5,0.1,45.25796776178599,37.31307933445333
0.99,645.6081888532707,319.8806872972482,7.0,0.25,55.872927029070325,46.076125160601485
0.8,630.1371823245944,330.98617151370456,7.0,0.2,58.27366239644423,46.03730339389216
0.78,541.8969073067864,358.102617039297,7.0,0.25,58.80654656517258,52.113348173603335
0.6,643.2315365581957,351.2110019260482,3.5,0.1,55.02388722750922,49.73029472370144
0.63,727.3009937401862,315.4906898552516,3.5,0.25,54.0074518785836,50.84255995480863
0.91,620.9440076274348,283.42423300496745,3.5,0.1,46.29918247202431,36.49496195234474
0.69,535.0910290542615,333.48201824099385,3.5,0.1,54.45630750784874,49.61678261030644
0.82,672.890266220754,353.6032845414142,3.5,0.4,56.713826838096494,49.42571751587096
0.64,782.7916322143554,313.77120791043006,7.0,0.25,66.18687178191631,55.17546308596694
0.95,523.5684733962455,287.2274654680048,7.0,0.1,48.30518390242935,42.05292872949804
0.75,580.898759424037,367.82903126636006,7.0,0.09,69.03829343902528,57.31093189839932
0.64,780.730831990987,364.79895398435593,7.0,-2.7755575615628914e-17,64.48521048985687,56.39634947175536
0.67,680.8348369760288,325.3545706204165,7.0,0.1,63.56835692129359,51.03242231228306
0.71,650.5682254420977,305.69680009750954,7.0,0.4,66.15287406943541,56.44710299033376
0.68,686.8258642761439,341.8757157870412,3.5,-2.7755575615628914e-17,54.831597090358585,44.27535400758018
0.6920000000000001,674.2886839411032,371.39564026228,3.5,0.1,52.270858318905134,45.6354071964795
0.77,644.665214841811,281.15373696031685,7.0,0.25,61.06882088885422,55.09965451167373
0.88,674.2566847830194,299.26693886648144,3.5,0.25,50.440600865143445,43.00688696062132
0.65,563.9964317648596,401.9050001919106,3.5,0.1,60.4350233940085,45.05359091074836
0.75,654.1221141144376,291.3911458689328,3.5,0.25,52.23739187025255,49.73440140962181
0.85,526.3483795789923,289.77957627374377,3.5,0.4,54.05556097500765,46.75857599086745
0.66,630.4218020492954,334.4568037947491,3.5,-2.7755575615628914e-17,51.43818684972982,43.03554796576234
0.82,548.1251341940589,320.6583112695849,3.5,0.25,52.47382031534221,46.03910497624831
0.802,563.5023019713531,319.51424151622706,3.5,0.4,58.017832798812535,47.47506650110195
0.7,662.7195342771304,370.3252420204873,3.5,0.4,62.56457979917701,55.28079060904216
0.88,755.1549920706561,409.4075741281657,7.0,-2.7755575615628914e-17,62.04345283610034,53.02368522720355
0.64,642.3076813685577,407.43446976542646,7.0,0.1,64.53879589851347,56.77967153791051
0.67,714.2167999179641,305.87576832390965,7.0,0.4,62.89437347674894,55.45612819524261
0.94,616.9506220960096,310.5302705787915,3.5,0.25,48.76190148810053,45.38413544161094
0.98,644.1285115109586,409.3254924190785,3.5,0.25,53.19060794676026,45.76995588442381
1.0,740.1687261180506,262.62358342924625,3.5,0.25,47.68866021345766,44.45237958616072
0.91,768.7598958759925,313.4537521264035,3.5,-2.7755575615628914e-17,45.80268443775076,42.847535201019845
0.84,593.0299825193282,358.70382686530377,7.0,0.25,60.04545170257923,50.46094267379992
0.752,795.8505215598021,255.7604688120532,7.0,-2.7755575615628914e-17,59.17734456406466,50.14582557252334
0.84,520.8172143975677,332.6043063483942,7.0,0.25,54.19912587472141,49.99442960326087
0.69,556.4402822222602,341.03072943203284,7.0,0.25,62.54907524536037,55.579946832494215
0.83,705.9518601260929,359.24623537788017,7.0,0.25,62.12282156350192,53.56163472803444
0.68,702.9835965417869,331.10422660734633,7.0,0.4,65.5996794967346,55.866953456317965
0.69,780.4421769968777,381.4982389529743,3.5,0.1,61.26796252543001,50.3039670207674
0.752,743.1326932469225,318.33257714283076,7.0,0.26,65.27354592087946,53.07231900069473
0.75,642.262424245638,334.1623264856317,3.5,-2.7755575615628914e-17,53.24100078420846,45.6981143409406
0.71,574.8639193013792,251.5054897518848,3.5,-2.7755575615628914e-17,48.573258561994685,38.243287168906974
0.95,530.7011067631114,302.1839354460324,3.5,0.25,48.72585808079284,39.96437953981984
0.95,583.5303714528254,401.28699439033727,3.5,0.25,50.51416692132761,42.463720222480575
0.72,653.7456700479786,332.3142394838485,7.0,0.4,63.4999595962453,55.44612122093167
0.62,573.2282730520274,356.10375536581927,3.5,0.25,61.7406666257136,50.72673174312735
0.69,697.6894817539684,280.9941841103592,3.5,0.14,51.60020650864782,39.98254639574949
0.69,658.0132390290219,416.8869636740706,7.0,0.4,71.90372706557417,58.46821200474797
0.8,558.2963337316287,301.3722322611664,7.0,0.4,58.89954047103335,52.25319817018617
0.79,791.5951274892484,313.0807709638676,7.0,0.4,67.10812463770064,51.33142416256455
0.77,782.3969184956085,397.51416137962445,7.0,-2.7755575615628914e-17,64.30527487339724,54.840846324734
0.63,599.0870439570874,281.9897281707902,7.0,0.25,59.30723406215087,53.5267729578879
0.868,688.44682032724,377.7552456142258,7.0,0.2,63.7095872271011,55.46707883894201
0.65,716.819409102078,309.4226583578216,7.0,0.1,62.62466756430617,51.636132478502816
0.9,751.5190136916028,357.9643588328621,3.5,0.25,57.5605411827382,50.32955215159976
0.67,565.9606711549088,401.68786316111095,3.5,0.25,57.45270254045934,51.64173858138215
0.83,692.846872303051,380.5616072854443,3.5,0.25,59.63458804855351,48.81951075689005
0.94,733.3885011084561,363.11080195185286,7.0,0.4,64.85894437383222,52.46409319889208
0.68,606.4041603404795,325.393400437241,3.5,0.1,53.93347986839856,49.21146255295766
0.9,597.8700547753572,256.0282961359695,7.0,0.4,58.32704998733224,52.50321829450144
0.7,693.3558709672059,349.8704463350285,7.0,0.4,69.32410982333023,58.6866258520477
0.86,654.7306057105386,317.2625468885683,3.5,-2.7755575615628914e-17,51.27969830755596,40.023306986810105
0.97,549.0213453005387,306.666055325873,7.0,-2.7755575615628914e-17,52.23675384462634,43.240583603428654
0.72,786.6927355497251,327.77862683653666,3.5,-2.7755575615628914e-17,55.37532034478707,46.33031509454078
0.93,545.8247760731869,278.55238884805146,7.0,-2.7755575615628914e-17,48.74831401566372,42.94725739971067
0.65,706.290367869505,282.3773062039549,7.0,0.4,64.2950736553968,56.96612824302995
0.88,511.9502003138703,418.68231344730265,3.5,0.1,51.18506600542669,49.48171458042545
0.69,554.2003298517787,388.3895819090072,3.5,0.1,52.55467699091994,46.0959618196561
0.754,709.3659601368589,380.4375085078386,3.5,0.1,58.09412038477119,45.75373212517491
0.73,633.3341173488117,384.5085603444017,7.0,0.4,67.1360934876949,57.18865808532336
0.89,780.6572302055414,357.9334373662249,7.0,0.1,61.61233969519481,53.57943260471036
0.86,646.1435254308458,419.4649729035431,7.0,-2.7755575615628914e-17,63.2980990734895,52.37293886448629
0.67,594.4499759873243,325.114836126672,7.0,-2.7755575615628914e-17,55.193996644556215,49.29692528247693
0.94,798.5683618589828,405.3428751158012,7.0,0.18,61.12239663315376,47.89438447989727
0.72,550.0308686430106,311.86776221139445,7.0,0.25,59.26858196735514,54.948756358020304
0.72,594.8599681777289,339.5431452112181,3.5,0.25,57.20354346001306,43.95664986935597
0.67,765.9531747641388,376.9924131228959,3.5,0.4,61.27814798622706,59.15072302948325
0.67,760.2066711720515,326.9360087969417,7.0,-2.7755575615628914e-17,62.11722059208077,53.426519465522695
0.81,686.7586871405616,319.24405985413125,3.5,-2.7755575615628914e-17,50.16510424868586,39.68581064847449
0.75,691.0515631727898,368.6862411491636,7.0,-2.7755575615628914e-17,57.14346982557926,48.53019788795151
0.826,657.6662666996085,255.0698360629167,3.5,0.4,54.14943949519968,49.10458015139706
0.814,698.258911276226,310.6884372034392,3.5,0.4,57.09921004480415,46.316786204115466
0.87,604.1230830293026,339.92846728287213,7.0,0.25,57.59470054491318,46.67162708477142
0.63,780.3870874032118,285.59987453957314,3.5,0.4,58.30004601926901,48.58577459634504
0.72,575.5236396237702,390.5546075937035,7.0,-2.7755575615628914e-17,58.07098612703771,53.729032397601735
0.98,561.3055188567819,253.0743790161212,3.5,-2.7755575615628914e-17,41.39438345415181,37.887192841655775
0.79,617.730644161385,281.9511892028144,7.0,0.25,58.668463318820365,50.5259654092128
0.65,544.411066794876,312.9295413863961,3.5,0.25,51.97748542950298,44.98082776827001
0.8,675.0272370311643,352.8976104475124,7.0,0.4,67.08696320099918,58.40810487235983
0.94,518.3445654217348,326.51331966778673,3.5,-2.7755575615628914e-17,41.321520914306696,37.00400098314654
0.74,516.9045281925925,418.92134594325125,3.5,0.1,53.5889657764664,47.2323819286428
0.82,552.5472720873327,275.47128369743695,3.5,0.4,52.28773413808681,44.53938889047801
0.97,537.9076292982489,347.082397952627,3.5,0.14,48.01166110501581,41.802045648197634
0.82,501.20556441075735,297.2798009752772,3.5,0.1,49.34810480217442,43.07076257560807
0.86,677.1776809182387,300.72161877926146,3.5,0.4,55.67066847228566,46.88134684750892
0.61,685.254893249847,252.68998319135227,3.5,-2.7755575615628914e-17,47.10126324714567,47.94073547160362
0.92,778.0463684197555,300.9339457225752,7.0,-2.7755575615628914e-17,55.91621510652973,49.66204024505199
0.93,506.8866112323356,390.335155064529,3.5,0.25,49.46791197590236,43.313942947977445
0.84,523.0724500686673,295.2252479399156,3.5,-2.7755575615628914e-17,45.93122225037613,38.12114322940872
0.64,622.2488608165627,347.6764270348632,3.5,0.1,51.3146145720649,46.87137857584058
0.99,604.091188767495,380.73859770100535,3.5,0.25,50.91400226053674,42.90633244255831
0.87,661.1830144423718,383.8907002510087,3.5,-2.7755575615628914e-17,50.25627324746232,43.14538867000296
0.78,572.0128633347956,412.16335431076845,3.5,0.25,57.690573840119455,48.97950342872679
0.95,665.7904186272531,358.51517335692813,7.0,0.25,60.055247475255456,48.82561848185417
0.76,761.801374951862,414.1105335904693,7.0,0.1,62.16878832384871,53.0760596532216
0.802,669.797963925704,275.20237030369805,3.5,0.25,49.40140719221855,43.24500549143027
0.69,722.4081646824375,276.7909522884047,3.5,0.2,54.04114389593096,47.3822020677068
0.96,694.5025605008807,337.8939858082562,3.5,0.4,52.57209275894983,48.28589595126737
0.81,754.913662412027,318.2597786640154,3.5,0.25,62.04613081700036,55.51590268265464
0.69,539.7794157934371,395.4350496926328,7.0,0.25,68.16687885260214,52.91126813673189
0.63,540.6080529489276,326.0980939827196,3.5,0.1,51.73850531211264,41.85276055626002
0.96,768.6702740390999,414.3190909033013,7.0,0.25,64.80281421775136,55.46849033162893
0.68,749.0019167293804,408.362194007037,3.5,0.4,68.64170975271344,54.76761543751487
1.0,542.024345877846,314.8214697838081,3.5,0.1,46.003573732722586,40.17352646425102
0.66,537.766686896672,336.210415916229,7.0,0.1,60.90111933412456,52.07863819136417
0.78,750.4455727970034,330.03788340968384,7.0,-2.7755575615628914e-17,57.88992933846461,54.1065350782613
0.81,790.6516982908371,414.853310307373,3.5,-2.7755575615628914e-17,58.44482603359215,46.711102425158245
0.7,657.8837812991578,386.6723998354441,3.5,0.1,55.762029155476704,49.710386901494815
0.758,695.2082738249015,338.1892294805257,7.0,-2.7755575615628914e-17,55.38430794206267,44.72010099487569
0.83,553.5571158329495,254.5006203271313,3.5,0.25,47.095183700994745,35.68170050785096
0.83,509.65904655899817,255.80197814154275,7.0,0.24,53.82787183420676,48.20223498698644
0.95,648.9524162985748,290.7609719653472,3.5,0.25,46.48511786527086,44.773384704292376
0.83,667.9383849687536,321.07911347075833,3.5,0.4,57.49893552595788,52.48175997108741
0.79,703.0488789273253,299.71359583711984,3.5,0.25,54.53207843584816,48.70783586566749
0.79,618.5600515431258,288.16321959564243,3.5,0.4,49.52331275734959,41.48181977320513
0.89,515.2030604247624,367.118945823278,3.5,0.25,51.16347714049324,45.13358816079998
0.74,723.3472164707985,346.55651828564936,3.5,-2.7755575615628914e-17,55.93833909215738,46.80583750654796
0.8,599.6047696855047,403.0800276147789,7.0,-2.7755575615628914e-17,57.79282237932178,51.59095281358623
0.9219999999999999,793.9909839069953,404.2084472252162,7.0,0.25,69.43551714686085,56.114103455653904
0.96,645.5883245457695,419.0693118227848,7.0,-2.7755575615628914e-17,63.03294722931314,52.6188128486187
0.68,600.234246620999,300.7385063267576,3.5,-2.7755575615628914e-17,48.43815860255974,47.26705891303669
0.83,570.4492821373071,300.3858840682639,3.5,0.1,43.057164245922166,42.08996972813889
0.73,724.3135188465927,416.50011048311273,3.5,0.22,63.05414328728567,51.810417296678565
0.82,638.4491627402499,415.3286488616518,3.5,0.1,56.36930986617515,47.57531895437276
0.81,714.9047636396715,284.3255541506903,3.5,0.1,52.02840923885446,40.89452317755993
0.79,678.8059049186443,329.1926636017643,7.0,0.1,60.42904372735826,48.25732434722413
0.78,782.7123296769203,344.4752257919764,7.0,0.18,64.94085746873684,61.64544677342093
0.78,505.840880593641,405.7136641933732,7.0,0.1,59.25143525929656,49.405009921581936
0.76,690.2351222739436,270.9496526480158,7.0,-2.7755575615628914e-17,56.05993162831067,45.68806419674897
0.66,617.2270105500559,297.03495893719264,7.0,0.4,59.67744093849137,54.15244089644496
0.97,735.3089521206873,295.50690432634786,3.5,0.4,55.521246029816936,49.12696985099771
0.99,706.603555168126,407.97310370433695,7.0,-2.7755575615628914e-17,59.07703509433668,47.19119171334091
0.79,612.8156998860654,277.2076564862249,3.5,-2.7755575615628914e-17,48.263998082252726,46.45685985871829
0.816,611.0996376109719,344.3228550359988,7.0,0.1,57.83528504355159,53.41353223522424
0.76,508.57266923701445,356.79215704902936,7.0,0.25,57.10379801756472,49.22093349760602
0.8140000000000001,639.5579905315341,322.5068571841929,3.5,-2.7755575615628914e-17,59.821476680535376,50.08502988683514
0.63,724.5601049674713,252.4256146171662,7.0,0.25,62.5287186005966,50.97091038538924
0.61,545.0895048648212,266.35030114762964,7.0,0.25,61.81658996458958,49.74028574719842
0.83,667.2937910256134,309.4403780397353,3.5,0.25,54.00037910985124,46.33893076971264
0.88,777.3313314335446,392.77919320336594,7.0,0.25,66.56229969874968,57.15778108800248
0.64,543.5810904934741,294.5733181467894,3.5,0.4,58.06270582234925,48.35076576154559
0.8,761.1501351831349,292.0894162933757,7.0,0.4,61.0539520449141,53.68665075108377
0.67,715.9842598712764,418.943291365386,7.0,0.4,69.2235529328519,59.46784772760679
0.66,597.2702627541026,303.8933048219536,3.5,-2.7755575615628914e-17,51.905191148640576,48.3635731801452
0.89,555.7270913651246,286.76815141735403,7.0,0.1,52.5155564397874,45.77802675912753
0.97,688.7557990347376,280.84021560623967,7.0,-2.7755575615628914e-17,53.93591306911183,45.17696525729392
0.96,630.2351560047456,364.1575785188669,7.0,0.25,57.92348567976074,52.19237432216598
0.71,645.5115802212384,341.5721436330484,3.5,0.1,53.48862796303956,44.43947513895893
0.7,751.2410844475628,267.1950238690321,3.5,-2.7755575615628914e-17,53.2322026410334,45.76526736894908
0.788,798.2944468425433,271.2771056944513,3.5,-2.7755575615628914e-17,44.27313980945367,43.94568783406962
0.99,659.1649604611899,341.78903296309875,3.5,0.1,49.5196957103574,42.85825088334165
0.62,526.6049222256313,342.12065198219466,3.5,0.25,60.72081000573021,52.18232089551635
0.97,627.8784726102468,375.8224915133716,7.0,0.1,54.809136861782136,47.14691610827949
0.66,738.2713830823643,296.5186662862927,7.0,0.1,61.169945589075134,52.05075872626661
0.74,781.9297438274618,320.33777117385307,3.5,0.25,55.47776956481015,48.136882848714166
0.71,532.5374432175472,416.3799250514588,7.0,0.25,65.76786977575982,54.25746009791481
0.88,550.4914694062952,406.79857026257696,3.5,0.4,59.3378379730945,49.291768348615854
0.9,770.658071924199,355.26569827330604,7.0,0.1,60.01620460129313,46.05684440102996
0.9,649.4015387099474,377.9382308058253,7.0,0.4,61.31612518070128,50.70001789269952
0.63,791.3112969257885,357.9821475397788,7.0,0.4,67.77004125519554,60.76338033804471
0.63,618.5315422473852,346.28703716333337,7.0,0.4,65.71396791415465,54.925804484177625
0.96,555.7942380341283,415.5536904965279,7.0,0.08,60.54312230523481,53.32347670609396
0.92,534.6204737258518,295.34182149004045,3.5,0.4,53.43416463282541,45.92763408290611
0.97,660.0263670202156,359.0083464206837,3.5,0.1,46.5968363293081,40.15761009465218
0.88,682.1252149684228,339.48499539173,7.0,0.17,62.83703009111072,51.76578533627048
0.62,653.7646798516125,322.41416837933605,3.5,0.25,59.28219111913671,49.73414684022087
0.87,681.6610272569881,331.0395454354884,7.0,0.25,61.54707684353784,49.94613450449256
0.96,718.2063562174997,266.40281485816223,3.5,0.25,44.70312133476634,39.98279021741275
0.73,677.1558180242469,414.94229829076073,7.0,0.1,68.43031115113838,51.38977959125811
0.64,727.0191473831553,344.8696999618219,7.0,-2.7755575615628914e-17,61.67315863923032,52.130384938694974
0.63,676.3102032735245,394.6354995543703,7.0,-2.7755575615628914e-17,66.71363774081239,57.41320200604246
0.64,792.4315977748163,366.134998825765,7.0,0.1,67.79173684255021,58.142231275560086
0.64,701.792290101054,280.6353018995872,3.5,0.4,59.509268944069134,48.95015399463397
0.84,730.5451666792356,320.4727028911988,3.5,0.25,52.8624805382732,46.10056508161515
0.69,604.8709642777155,256.8422713956409,3.5,0.1,47.363139295176765,41.0940195857986
0.62,568.0297499045109,334.60922744329883,3.5,0.4,56.34801840402239,52.01543691551522
0.96,646.9624160774206,279.69062762905145,7.0,0.4,58.75684502024461,52.31290349427097
0.87,711.1401266935088,251.79024452065065,3.5,0.4,50.48019385386308,48.66510169817162
0.95,528.5309504127378,373.1235079392728,7.0,0.1,59.03878166591231,49.68834824655432
0.8,705.0448528766499,399.1273221143957,3.5,0.4,65.63957438875286,49.75000785480181
0.95,687.0738594307278,357.213701741896,7.0,0.29000000000000004,59.64601157362596,50.727390297760365
0.88,740.3302864743098,278.8471569842058,7.0,0.4,59.9991725321712,51.72053353200967
0.9,789.0628745109289,310.6609964738184,7.0,0.25,64.65514756805435,48.54550186222458
0.74,642.0112982260779,275.889909108914,7.0,0.4,59.40451294712025,54.67548652390401
0.75,509.7119453646956,300.18478612195656,7.0,-2.7755575615628914e-17,55.16021758160114,45.10300545819536
0.98,722.7954483518977,332.2793074176227,7.0,0.1,62.47675878667577,53.24137023940074
0.81,526.8059208127448,310.1737963659658,7.0,-2.7755575615628914e-17,54.56003595769337,44.70546857238947
0.99,579.026260055626,379.9262763154412,7.0,0.1,56.60105956934741,48.6944912174724
0.77,689.3213521305873,322.1947017488831,7.0,-2.7755575615628914e-17,58.7307658750178,46.49325698465365
0.96,561.4299046085418,270.1603767519936,3.5,0.4,50.16756063242868,39.59473279449828
0.66,777.2875331026437,347.99401928547616,7.0,-2.7755575615628914e-17,60.85891640293419,51.54667102177986
0.68,531.0251681186734,330.1938836793315,3.5,0.1,53.8992239271578,48.070083223317525
0.88,662.5264830300853,291.9633259657591,3.5,0.4,51.21171408904304,45.60054644475555
0.95,592.3269810816021,352.3645687583613,7.0,0.1,56.901536273341925,48.77778466320991
0.8,661.5585089447993,297.5288819411844,7.0,0.25,58.15866865748485,54.61037948835434
0.86,513.9638358949746,358.99476727246736,3.5,0.1,49.12250406039823,39.82930518060319
0.83,698.4745567224022,290.94373821915644,7.0,0.1,55.316507596937406,52.25051125834105
0.7,797.8944220639501,252.3308886568552,7.0,-2.7755575615628914e-17,58.21449678994322,49.54804096764445
0.95,770.4058810336378,389.21715284751326,3.5,0.1,54.68951428916902,48.891871111129305
0.93,742.488281809317,345.6666486397566,7.0,0.4,66.0571705098145,51.5037675717882
0.76,552.8649176742034,347.15770292741485,7.0,-2.7755575615628914e-17,55.61692351136959,50.92970275326378
0.61,773.5369212121404,250.6470790314043,3.5,0.25,57.96517595037663,49.36537195644338
0.7,670.9951974869276,276.62905900603744,3.5,0.4,55.01190848255114,44.39038167368617
0.6,707.8927647244725,320.10746026714804,7.0,0.4,67.7204505219717,53.18097071827584
0.99,635.3845701953021,414.1205292272937,3.5,-2.7755575615628914e-17,51.29503952777328,46.74918377593136
0.92,590.5366567020319,372.84714311099947,3.5,0.4,56.90052325490824,42.501368234184326
0.91,675.4486799594297,273.75863015008616,3.5,-2.7755575615628914e-17,46.58004268575243,40.64787546178263
0.93,618.345921393907,326.6131482004792,3.5,0.4,52.97793072040496,43.61523977335879
0.75,773.3107821567235,342.0973903750099,7.0,0.26,66.39246759183584,54.830655747776106
0.64,562.6923340593336,318.11970584530167,3.5,0.22,49.26765302371681,47.90480123051724
0.85,782.8721487677519,278.85652122365184,3.5,0.1,55.154137181371794,43.71419238527968
0.86,649.4302981700699,361.00842444833216,7.0,0.4,64.26124511878061,52.39410632160593
0.79,527.6769475026045,333.10909279272204,7.0,0.4,63.88862056278334,52.13390310804298
1.0,703.4090707773048,410.3573708118546,7.0,0.1,60.48015536354811,55.01790529906847
0.8,524.6174023475326,369.9205707293286,3.5,-2.7755575615628914e-17,46.91238162961335,43.8170123931228
0.76,743.3266774935672,347.53767127834374,7.0,0.1,62.061170174384486,48.76939063815681
0.69,610.9568989103864,297.8876859570287,7.0,0.1,56.668539838245,51.17177490328838
0.74,711.6970090510063,327.2084277602176,7.0,0.25,64.06321756223456,51.30353307009521
0.84,679.5823403734175,344.9562195937797,7.0,-2.7755575615628914e-17,51.332137766552094,50.66697872755834
0.7,594.3930885879334,346.3568415060861,3.5,0.4,59.95764448968018,52.1219620780935
0.76,596.0575067276711,327.0592188642538,3.5,0.1,51.96807698325711,43.9064594262985
0.6839999999999999,793.2372741993863,398.892883993096,7.0,0.25,68.34788093754418,58.71199427866542
0.97,679.1377357437362,316.50576880095525,3.5,0.25,52.7712710923186,44.17653771616742
0.95,764.2811304898296,381.546255093775,7.0,0.1,60.73001486931477,51.50437982917628
0.65,581.7604481087636,309.4574864299309,3.5,0.1,51.96603375344033,47.741591792330894
0.97,718.2377014262846,298.6470489371856,3.5,0.25,51.72638710834049,45.31270239934414
0.87,594.9571910495147,308.809282399861,7.0,0.4,58.541313054706514,50.37635427887541
0.81,534.8442452438036,365.0568387993988,3.5,0.4,54.33031142868573,46.69431149239911
0.62,687.8419566773262,314.92237032562,3.5,0.4,60.43613489873034,49.67857639825988
0.79,611.7437957855886,283.0543377270027,3.5,0.25,50.51480725614954,43.03969058983322
0.84,535.6016334055487,346.90336248186134,3.5,-2.7755575615628914e-17,49.97466854796015,39.68802404246243
0.92,648.7961829494144,275.8834100604553,7.0,0.4,60.277528761487126,52.03001028338069
0.61,623.7172079484245,349.1723010762787,7.0,-2.7755575615628914e-17,65.13896380799943,53.63301204205363
0.792,581.040993495438,345.3026272332316,3.5,-2.7755575615628914e-17,50.22841883035468,41.6214784569978
0.836,536.7128261715735,416.1700189439967,7.0,0.1,59.78184979750397,50.96888899916143
0.85,682.8715410793809,280.6329135572907,3.5,0.1,46.49383530085876,42.4151324197137
0.75,713.6612706303433,419.4552307777868,3.5,0.4,59.63807374440041,52.77814076823013
0.87,742.6641680377701,275.13768316025016,7.0,0.13,52.35085596378837,49.95417222935453
0.94,702.5359484605652,393.9400349835495,7.0,0.1,57.382734171989455,50.68167339011695
0.62,753.8954316016086,394.27672545836816,7.0,0.31,65.57777012622739,55.47728865266129
0.66,574.8839224202575,289.94526706992497,7.0,0.1,53.95330128216518,47.23878729028823
0.94,684.1422277950537,263.1351593226176,3.5,0.25,44.43026838487711,40.98150884239581
0.73,681.332282305118,285.2904423875338,7.0,0.25,60.9501891277102,50.56197613491776
0.75,595.5677612717801,311.8096597791986,3.5,0.15,50.718730349743794,45.39813771719855
0.88,680.5312613180272,324.267718443698,7.0,0.31,61.511287033436965,51.03628826617359
1.0,641.0158229266428,358.82805793617047,3.5,0.28,42.472138354453584,41.89616921443342
0.89,703.5981568185609,352.59250441362866,3.5,0.4,61.50313576774354,47.30210530870684
0.74,651.1171390662245,377.5738391205993,3.5,0.28,57.63020022747264,51.59357130832007
0.77,620.5345658877621,368.7307240505046,3.5,0.1,51.63486527145948,47.737303803349135
0.86,723.8744357698665,254.1518181375413,3.5,0.22000000000000003,46.63104013642791,45.12814077987145
0.844,518.0922615825453,380.0625424073229,7.0,-2.7755575615628914e-17,57.141145535257145,50.5587247954641
0.79,786.5573380628545,344.0893760129053,7.0,0.4,66.38747473163258,58.193131358351934
0.81,610.9872375649578,410.4633209752924,3.5,0.4,58.33860291924078,53.64148809972767
0.87,653.5846229701401,298.26595984421823,7.0,0.1,59.70626287203618,51.68888459642808
0.76,594.5449995798942,307.9113839662385,7.0,0.15000000000000002,62.46283353154151,54.243628118574144
0.67,740.2287421012054,312.46879872045935,3.5,0.1,50.60337826562567,43.69221994791916
0.83,542.8866546198186,358.9092529759477,3.5,0.1,49.14305918898964,42.86732524139263
0.74,725.6371668141521,307.36573999130786,3.5,0.4,57.39068129308278,47.76419743361272
0.8,665.2114328963321,302.359472612791,3.5,0.25,54.824761211388605,42.557916538653096
0.884,684.3091973478438,281.1656676925543,7.0,0.1,53.71294633652019,46.78527169871389
0.69,749.7384644939788,309.0798066604535,3.5,0.19,55.72133192291331,51.61782644341587
0.84,638.181633847529,370.66262723755113,3.5,-2.7755575615628914e-17,52.18465073966047,43.80432108054018
0.93,712.4528340754725,303.6455490092451,7.0,0.1,55.52165820083101,47.89001789673998
0.75,527.7467828713545,373.6682823513198,7.0,0.15,68.0288954531783,55.43021846439563
0.86,658.9615447521327,332.2585765202126,7.0,-2.7755575615628914e-17,60.41798664388568,48.410248573428014
0.72,653.4335499310482,371.3527894162549,3.5,0.09999999999999999,52.35627079164064,48.52696389402754
0.68,749.2008855028218,400.5383851257981,7.0,-2.7755575615628914e-17,69.29601753260002,59.23102713740597
0.78,512.6013199445053,256.1883992658219,3.5,0.4,48.08920587556055,42.72222630974232
0.91,542.4235417473552,310.1299473678266,3.5,0.25,49.95994838388454,41.28929186393425
0.82,695.9463768547937,313.8913342556414,3.5,-2.7755575615628914e-17,49.19889391634316,42.45171107033927
0.93,593.8789825099227,347.5179958952703,3.5,0.4,58.77516847044308,45.37156871228429
0.766,728.5977339427884,335.92881779701884,3.5,0.4,60.44778263601655,51.82276807297905
0.772,736.2829673588399,366.4941535364384,7.0,0.4,63.15959672571166,52.1224019166903
0.97,705.8234116837682,250.9488133857008,7.0,-2.7755575615628914e-17,52.77766106611554,43.690715864714576
0.75,681.480726609977,406.599070834698,7.0,0.25,64.92661157751564,55.59131479202486
0.744,685.7776041752459,348.168578281552,3.5,0.4,54.05524103445981,47.46321426052161
0.95,773.7482621005581,364.05286591094097,7.0,-2.7755575615628914e-17,62.6519478868493,50.77433185450165
0.63,771.177061641754,310.2813844715069,3.5,0.4,60.07310119581357,52.95979531873643
0.88,695.2729368148085,290.15897569637525,3.5,0.25,54.93655282442146,45.55131715858951
0.92,611.5973292665266,366.835884613332,7.0,0.25,58.81905480540838,48.7581559449288
0.75,548.5133685526555,400.2694507893684,3.5,0.25,57.667101190742,48.94261751201516
0.854,737.2790794872284,282.6397068404379,3.5,0.25,54.15422979129148,46.893504696452894
0.95,692.9502156299382,412.9029267909599,3.5,0.4,56.58538897921397,48.430726734667736
0.78,631.5806742420604,282.0999765240488,3.5,0.04000000000000001,55.65585180939513,44.040801192318455
0.87,650.7601031338277,334.3355307442847,7.0,0.1,54.773706336973376,48.643735049738616
0.79,619.4730034333528,360.1454797433331,3.5,-2.7755575615628914e-17,48.10708232307209,43.590884683425
0.73,749.5974938844499,339.57351175983456,3.5,0.1,54.62323502395337,47.49834914245898
0.93,530.9220303707383,268.9661362317142,7.0,0.25,50.85956981061518,45.72363517228219
0.8,648.7970999948602,250.2029658551493,7.0,0.4,57.8497557783091,52.20409159423109
0.7,598.5148333200394,381.800899641365,7.0,0.25,66.28378883326891,56.71313719619526
0.99,645.3453956487533,328.653857009743,7.0,0.25,58.81357912228144,50.49801140974903
0.66,569.7757447792449,336.1315311937766,3.5,0.1,54.36441320486193,46.948549917509865
0.65,634.7492687637787,331.42277300267824,3.5,0.1,53.47460810437546,47.66927050864072
0.96,733.6205966620167,261.2222224585847,3.5,0.25,51.82646843702765,42.93350139315127
0.96,619.3554700773026,393.212357938212,7.0,0.1,57.79139832628648,50.93380761181422
0.9,592.8577414813074,385.4748046561269,3.5,0.1,51.43845502137203,43.26570227647539
0.66,709.5588533503948,390.7316633486332,3.5,-2.7755575615628914e-17,57.84301536895438,51.622548009891055
0.9,640.9359845263244,289.9511470823169,7.0,0.1,54.21593702330552,45.7582892011022
0.67,672.5283052829654,344.3311268970601,7.0,0.4,64.96664406211731,57.57187359427945
0.62,602.681935781279,390.49874542168766,3.5,0.1,58.1838990637081,49.55288702484669
0.73,690.0880514231751,299.8181392003368,7.0,0.1,59.75632978655842,53.651941216771775
0.88,699.6053708601844,309.6242175700816,7.0,-2.7755575615628914e-17,61.48673630834348,51.30791019908373
0.73,632.2826598549308,325.51480978819234,3.5,-2.7755575615628914e-17,52.22570528970554,47.35568415942512
0.89,553.6951486238718,323.38621830192443,7.0,0.4,57.07964451251658,48.91074269745544
0.97,583.8906862229613,316.9552569523689,7.0,0.1,51.45284772980549,45.388754404554085
0.83,600.1659148792239,385.2037606354757,7.0,0.4,64.6962623276733,55.83724085696313
0.61,643.1009985224096,408.2343108077997,3.5,0.1,57.84318258879304,48.26285191510972
0.712,779.5431304649478,254.08959048665767,3.5,-2.7755575615628914e-17,52.88106956193297,45.16244099692221
0.66,507.73003076452494,263.82871375380745,3.5,0.4,55.74138124529222,44.93555972147034
0.87,560.3188543561071,408.1581084537201,7.0,0.25,59.30392031834297,49.80037709527217
0.72,503.4985706682532,404.4742297930233,3.5,0.25,51.40951450838693,42.09796394505738
0.75,688.5792259533373,403.8230044688422,7.0,0.25,66.97192466031143,57.10324825282164
0.74,610.0583004730371,417.381078297779,3.5,0.4,56.26462058004264,50.44689700595495
0.75,798.2741223449054,394.7197841464574,3.5,-2.7755575615628914e-17,58.59729393728716,45.37179413219896
0.85,559.1586397773872,263.6709596838945,7.0,0.4,60.22264872136289,50.3584822145929
0.83,635.4443694410834,334.26602958234105,7.0,0.1,59.764406380598025,48.43691422568353
0.95,592.2633309586371,343.2297819523609,3.5,0.1,47.18513263649122,40.7358194766529
0.99,726.5421744033112,395.770716382198,7.0,0.1,58.8038537910651,50.81281480705559
0.94,786.8529374777822,376.5371959829232,3.5,0.4,58.68439120723211,47.87202333499902
0.91,763.6951123462903,410.5768008624673,7.0,0.25,66.12254301768955,55.45880959250058
0.75,502.3254115317443,300.6279466428566,7.0,0.25,59.83126475188455,48.93665477048432
0.97,608.4266390179881,256.8580067690598,7.0,0.4,57.95702301786309,48.58930236342657
0.75,697.3231872631211,408.5781238914855,3.5,-2.7755575615628914e-17,51.4242400511683,44.376440622804566
0.63,642.3613179105326,390.2258967166025,3.5,0.25,61.12732839183444,53.944452346945305
0.8,795.3361207390171,398.3266439651566,3.5,0.1,57.15721938996676,49.03733319235482
0.71,714.7146943381391,364.99840524979516,7.0,0.25,65.77994572423836,57.416174550596125
0.79,682.6756278917863,374.0654673038382,7.0,0.1,60.76140044460468,54.412677475970014
0.87,618.4322528792088,364.3875312639117,3.5,-2.7755575615628914e-17,51.699505124687214,44.12209477206343
0.94,550.9525385119312,283.86438330819215,3.5,0.25,47.71164108920484,38.594257275882526
0.7,713.0106316743359,329.5201511332069,3.5,0.4,60.10330769240549,54.16021155642098
0.97,511.0517153506152,409.0881375298174,7.0,0.1,61.82860610351962,48.38074879914455
1.0,778.2827601615927,306.5068684438913,3.5,0.1,49.11742187102076,43.55476202789691
0.68,615.1088208185839,314.3957544285025,7.0,0.1,59.999037072267534,48.98346608451613
0.74,665.5595656846688,274.53411349616835,3.5,0.4,51.62693595173326,47.59857882014812
0.89,621.5440460494307,346.1679527548108,3.5,-2.7755575615628914e-17,50.00187691904335,41.72097256526263
0.75,609.5047356898489,284.05753192757527,3.5,0.25,53.22319883243859,43.24786457706755
0.69,794.8734846083885,370.3453072845789,3.5,0.4,65.83079462580339,51.94127814657943
0.76,668.8181986753924,402.1279842002759,7.0,0.25,63.8432392461043,56.7667484008452
0.772,764.2679501012465,412.7962159595732,3.5,0.25,58.30798476432804,50.167670848096456
0.61,558.4067730122432,349.2088059811242,7.0,0.1,60.94851989281152,54.04851375106642
0.87,662.626766875586,284.1494369703336,7.0,-2.7755575615628914e-17,54.93403294547614,44.70797024592982
0.96,645.7365916376128,384.4958440227498,7.0,0.25,61.17514965782951,50.094002138728
1.0,617.0538370795515,262.6650368382002,7.0,0.25,53.0416758108339,45.4744986374225
0.7,647.3184087303193,369.7487729293096,7.0,-2.7755575615628914e-17,61.14330989240688,53.780154647896815
0.9,572.5266211806822,357.91810446404645,7.0,0.4,60.72373222957126,52.11408489527203
0.67,737.9729161700421,352.4545082266415,7.0,0.24,60.52847814897888,50.652397212671936
0.69,682.2283263572045,393.0369096233353,3.5,0.4,60.79373076648513,56.28547211437502
0.86,535.6306242617577,278.915593285027,3.5,0.25,46.358322889107605,40.38043206217505
0.93,645.2646617852547,406.2154074089148,3.5,0.4,54.81672782044575,47.205412357702805
0.64,783.0151386279842,283.1184584494177,3.5,0.25,57.39205183677019,51.68877572271633
0.85,781.9859319481635,332.45184268786977,3.5,0.25,58.76419588061865,53.47653860632744
0.95,796.948234752826,394.4057729278948,7.0,0.1,59.272845277303375,54.15228983442224
0.9,566.404213365543,307.7607189506966,3.5,0.25,49.7090330466348,41.72871653341611
0.62,741.0331891205418,413.5105624159685,3.5,0.21000000000000002,60.39051203429954,54.72428167096174
0.76,677.7838568493688,337.0070797614655,3.5,-2.7755575615628914e-17,54.42885381493903,42.32615555771633
0.76,731.3184449870345,315.80178506877456,7.0,0.25,60.422878004276896,50.74412698347875
0.86,694.4910499556468,321.535076866292,7.0,0.1,58.418315747199166,51.24844733164212
0.64,571.5114871553983,265.68023147689684,7.0,0.1,58.44224191289784,48.85947378530706
0.75,527.8800446163452,307.5680189162704,7.0,0.1,54.28458438967785,50.06361434788544
0.96,646.55033014741,295.1467162399014,7.0,0.1,55.41103913926706,46.83850885406496
0.63,616.0322397974005,256.7519493830029,7.0,0.25,60.010428005124815,51.53765112013863
0.794,623.9070951325783,411.71733080040383,3.5,0.25,62.870686456442826,51.68607653637925
0.76,673.8683290344221,302.3601742707286,3.5,0.1,52.05643910817317,43.258608638214646
0.75,730.6699084254041,291.66048259132583,3.5,-2.7755575615628914e-17,48.07915738678704,44.642883020491496
0.61,717.9507244053573,332.49580949889906,3.5,0.1,59.45176460020633,49.28098562715887
0.7,643.1201761980831,272.02359956578334,7.0,0.25,62.50433870418139,52.69400507270916
0.82,659.4922910145718,379.0789562245891,3.5,0.1,55.43938943891996,43.75066598316185
0.93,674.7068767617842,401.8464507794533,7.0,-2.7755575615628914e-17,59.4586991868802,54.67386206574485
0.86,727.3761059133544,301.9450346190089,7.0,-2.7755575615628914e-17,55.63029740566977,50.21189839177516
0.6,764.2231241977225,360.00998982328804,3.5,-2.7755575615628914e-17,60.256495739312726,48.82003077990478
0.69,658.0108212343337,303.6724982871815,7.0,0.4,62.22836578125612,57.91083159644534
0.66,758.9584802334581,338.301998839112,7.0,0.4,69.71426545286599,56.65920294145791
0.78,780.185864225937,298.4222648546522,7.0,0.25,62.12243825095709,55.67472827996715
0.72,685.0707861539171,320.46985980504985,7.0,0.29000000000000004,58.1165822150899,49.456812885230576
0.82,639.7596912517251,361.710553196077,3.5,0.25,60.88710074305199,50.368510760641165
0.68,599.0088139910887,351.9232809953364,7.0,-2.7755575615628914e-17,63.91655925684122,48.78561341979949
0.88,618.5789646845674,258.6002076187765,3.5,0.4,48.26785428762995,44.80262271901465
0.77,579.2549863057608,329.1832334588693,3.5,0.4,57.89319736127472,44.28323563528789
0.74,623.4569620039277,269.9582973349786,7.0,0.25,58.47942311544012,50.147898524947685
0.87,630.2435088144964,321.9489929629196,7.0,0.25,55.342265483938,45.86034060839203
0.88,654.0861894574306,402.0645720366088,7.0,0.25,61.5981198635408,52.64589039426368
0.64,598.6785081733942,251.8858998422403,7.0,0.1,56.70727353162612,49.205013315138906
0.836,785.7745600156558,279.8095677612489,3.5,0.25,52.77930813235671,47.15992395098869
0.87,515.7036430139926,344.91161351884523,7.0,0.4,58.98893338567349,50.03399748826927
0.73,665.2808221199581,304.37190162496995,7.0,0.4,66.96056469889048,58.00637447659709
0.77,776.3225313758246,365.70897776082745,7.0,0.4,65.02062757312865,59.64289342828139
0.67,731.3889587107382,337.4076438383772,7.0,0.25,67.12649907638259,53.93448464631028
0.838,537.7529640294059,325.1799915867686,3.5,-2.7755575615628914e-17,49.39257861193896,47.57700667362712
0.96,760.7353788706034,382.003654166517,3.5,0.4,56.42647311163362,47.26454560407748
0.83,590.3113273867405,278.1667353663245,3.5,-2.7755575615628914e-17,43.65088481540295,36.27390769374628
0.87,572.0160291763384,367.108566223913,7.0,0.4,61.99935124979796,52.68019974774816
0.93,668.2465014437016,343.2378479610256,7.0,0.4,64.72893082522927,54.32727006942568
0.92,649.9171471492324,393.9551171120074,7.0,-2.7755575615628914e-17,61.88895872166923,48.21050072047414
0.65,633.3425189833756,340.93286511097665,3.5,0.4,57.62887522554856,48.472063199063705
0.91,575.172444806301,367.19192342509785,3.5,0.25,56.6426169148173,46.11371383720659
0.884,656.8602616474373,368.4775753074084,7.0,0.1,61.61828883194249,49.68129903720133
0.78,648.5382423178512,331.20225994943223,3.5,0.1,52.687336547309904,46.3138777010098
0.764,605.7264460740024,324.87770427273307,3.5,-2.7755575615628914e-17,57.14965011008744,50.76416236968847
0.79,620.3934370013789,370.1776732104062,3.5,-2.7755575615628914e-17,51.284552150434735,42.39497611277808
0.9,581.1604279076599,329.6187880394198,3.5,0.4,52.164470030398064,47.54898586409935
0.79,718.8160183797188,347.6596719762577,7.0,0.25,57.75528768160237,48.7961953357028
0.95,764.570401840667,388.5675314781293,7.0,0.11,64.93197451057183,54.94777308242986
0.9,679.463344841653,284.6325977688129,7.0,0.12,64.9296599838447,49.843022014299926
0.77,661.3616990901799,281.45545635816586,7.0,0.25,58.31028277255809,48.07612404582422
0.762,723.662771486906,375.3583985061192,3.5,0.4,63.52993447388182,54.172335237941375
0.7,673.1965948753017,289.2845103840164,3.5,-2.7755575615628914e-17,49.53905296517034,45.296781441445646
0.85,592.7184866616357,289.46233009204184,7.0,0.4,58.33878934512649,49.24424199892943
0.838,630.3457028712219,364.88118229183056,7.0,0.4,66.74016575530396,57.38989301372018
0.79,622.243217969557,306.35851828680285,7.0,0.4,57.12734452982055,50.39148295291792
0.71,625.0644554694596,318.0812246307795,7.0,-2.7755575615628914e-17,58.41947708135997,50.227405551088
0.81,680.9537522490242,324.50844267953914,7.0,0.4,66.43940473334065,51.05855173404481
0.61,659.6105059736997,298.5867633909441,7.0,-2.7755575615628914e-17,60.94263355653743,52.86597159368898
0.76,512.7188224838335,359.2966250201435,7.0,0.1,58.47743892752423,51.27544174034102
0.786,527.8882227942082,264.7792879591299,7.0,0.12,45.16289222585616,47.04410111295908
0.68,500.939946911725,318.7611770984572,3.5,0.25,52.964557762196186,45.93360242738155
0.77,768.3543124241205,366.7271177816125,7.0,0.1,63.14882966126832,53.69603503921162
0.78,617.5954312979412,381.22117318895465,7.0,-2.7755575615628914e-17,57.229365736244354,51.14697727522832
0.99,640.6736529879754,382.64105957154914,7.0,0.1,59.58414025992568,49.49664188503247
0.93,505.9536161213116,323.5342728624006,3.5,0.25,45.09361731808048,41.99536653602862
0.81,621.9611611203643,303.21293918673604,7.0,-2.7755575615628914e-17,55.260813149571455,48.592051204396775
0.68,702.7894111350159,365.2690128866959,7.0,0.1,63.6683030997671,53.54538367922862
0.82,576.6629150619136,291.5632009036811,3.5,0.1,51.75833723928197,43.123015186951136
0.84,693.0570430949228,360.10563869415626,7.0,-2.7755575615628914e-17,64.90964945298649,53.6415978343362
0.79,524.0490404503844,283.9625489903092,7.0,0.1,56.26507457366921,48.67780438902955
0.72,660.6305364883192,347.7774992715839,3.5,0.25,58.05241812998584,48.07690656903809
0.92,792.3749565473402,257.4959851585388,7.0,0.12,61.04796330972748,51.63791192528258
0.74,785.9437095571491,254.6326376064017,3.5,0.25,58.20134647036235,46.470562862107165
0.9039999999999999,744.903770115951,372.7766318835315,7.0,0.09999999999999999,63.086257238082,53.698454960343135
0.73,641.5836164475876,386.3847860759579,3.5,0.18,59.83985845650121,52.78177720733463
0.96,505.4776178409347,273.6972926230078,3.5,0.1,43.71786674873257,35.88873519272837
0.85,673.4572959988876,296.5037587623024,7.0,0.15,56.37812270134044,45.20346795525252
0.63,527.9849414203015,277.73237706383924,3.5,0.25,51.13520920177242,46.77903856619228
0.69,563.2098466572008,348.0320962355739,7.0,0.25,58.8348898059486,48.04826246147651
0.788,679.7967390523318,295.4198889762498,7.0,0.4,60.7896193097293,51.982804037705954
0.79,616.7922159802964,384.587137078884,3.5,0.4,58.71803449607572,49.51861991224141
0.81,536.4130818557791,270.77291169538546,7.0,0.4,59.27825254955167,48.20178364229296
0.67,562.1129145961611,352.0003300989946,7.0,0.17,66.2038798473147,58.46750280849479
0.94,595.8433005372441,295.7572207558842,3.5,0.1,44.92451753517382,40.416060179274425
0.9,650.4164832849265,311.92117216326045,7.0,-2.7755575615628914e-17,56.168623265407206,45.06863734914102
0.8,779.6720810509785,298.7401719153018,7.0,0.1,60.154635141294136,48.29488158545583
0.74,610.9235373237186,366.0507322067839,3.5,0.1,57.792364371528606,51.72653556368439
0.84,756.8613984212095,359.1984236403256,7.0,0.25,58.78969970982816,53.49933608962402
0.65,789.7671881974286,296.83539096824825,7.0,0.1,63.39635938337069,57.43040637778087
0.78,656.1134692358195,348.4738846441122,3.5,0.1,54.277096570264455,44.13307824381396
0.64,653.1186828988011,272.639959170266,7.0,0.4,65.35685035021764,56.60260575095341
0.97,617.7099407995771,406.2084332040697,3.5,0.4,56.75778206475061,50.12662073340745
0.7,590.3323444385743,411.704014200968,3.5,-2.7755575615628914e-17,55.27425713909186,44.83871889300478
0.75,696.6769150156044,413.7106143828133,7.0,0.1,66.8472310523844,54.03662956996172
0.83,739.1596651692097,368.7057891420609,7.0,0.1,66.53091872777756,55.22120048639611
0.69,791.4543827675144,331.5382310538428,3.5,-2.7755575615628914e-17,54.53056087451261,50.56688418094254
0.72,690.1778715149478,409.8210517893676,7.0,0.2,67.39994332387634,57.07048756078003
0.96,733.7056666889372,258.0902152742082,3.5,0.4,50.44540557272728,44.03090715325999
0.93,591.8646505814352,330.6993618163075,7.0,0.25,55.31545708900274,46.59401186976331
0.68,596.5383618582034,389.2671806255559,3.5,0.4,61.9843617429698,54.93601721030322
0.76,509.6197903409088,327.06364848390524,3.5,-2.7755575615628914e-17,46.15727633813792,43.52745109044344
0.79,655.1275766757584,390.97646528635534,3.5,0.4,60.25679187703356,48.416945964241314
0.746,692.6617672440103,414.4453006073978,3.5,-2.7755575615628914e-17,55.95151478381401,46.45337380758301
0.9,635.0548327807562,292.0875017744513,7.0,0.1,53.035539858056055,48.77717332516878
0.97,594.3808421093696,280.7253719181059,7.0,0.25,52.61551917883597,45.88692717103049
0.81,738.764765832266,332.71497698216683,7.0,-2.7755575615628914e-17,66.0883866296223,54.64605628910371
0.89,692.7985942388848,287.99625211091154,7.0,0.1,58.70799245267209,46.8255833502137
0.94,789.5079637027105,295.56085438251364,3.5,0.4,57.34105646839328,49.33457029544249
0.94,616.7887310489986,324.9159945522172,3.5,0.25,52.14328246459876,44.450795236484375
0.95,776.1727660574599,310.8170532389086,7.0,0.4,62.25600854816975,52.84640044690105
0.73,782.9775685830193,272.0989827132937,3.5,0.2,51.71894531865162,49.06897628814545
0.86,736.2050022889058,347.1464266779518,7.0,0.25,66.96493347075696,52.02389428747717
0.87,683.849288083221,302.6323068607222,7.0,0.4,61.05641310139269,53.47156138352738
0.69,679.9258537660568,326.45175753664023,3.5,-2.7755575615628914e-17,55.03642215065194,49.31537178234965
0.97,790.444239538135,360.19632275917564,3.5,-2.7755575615628914e-17,55.27119312682417,45.12828139902379
0.88,632.8564597551156,418.0288478519281,3.5,0.25,57.06022223538159,45.297166022594624
0.66,643.7247831249548,308.9166521987653,3.5,0.1,55.5934536629176,44.531748460036496
0.64,779.0761064754697,316.55297981446006,3.5,0.1,55.81650401506266,47.871210020534406
0.88,773.9788458879079,315.75143267413387,3.5,-2.7755575615628914e-17,51.85576042912631,38.92374758182859
0.792,590.5838405121314,326.88698206167544,3.5,0.4,55.77352324824789,49.74112026496631
0.91,731.7964425510264,340.9346216523613,3.5,0.25,51.97285657625719,44.18730354399256
0.73,660.6158129400048,255.1924813533745,3.5,0.25,53.39720217480174,45.82401909227613
0.71,711.3958927721915,393.0554025545054,7.0,0.4,67.13865345770522,58.40663679299296
0.69,662.0740211366127,349.6125878869252,3.5,0.4,60.27417631975628,51.50132786893749
0.63,612.6562518032066,355.50595149665685,3.5,-2.7755575615628914e-17,55.170425134660704,45.19628533028277
0.68,556.9909642303186,250.2561506967968,7.0,0.1,56.79513515297014,45.25404309125266
0.85,599.3926719280639,299.4545364196492,3.5,0.1,49.2719156986753,45.61668948312168
0.71,524.9866204833137,299.40679389737204,3.5,0.4,51.39319016488844,44.7472531674388
0.73,580.0482020456918,367.7367071793941,7.0,0.4,65.33076724136245,54.14599852061514
0.68,635.7737990427745,277.2010784258243,7.0,0.17,59.42203092438528,56.44615006157976
0.79,648.9291068047246,266.5192568031856,7.0,-2.7755575615628914e-17,54.324285638812185,46.3464219278272
0.81,752.8110204182608,374.872599884147,7.0,0.1,60.8586460455133,53.84281844506186
0.99,519.9936625957941,331.78629430455527,3.5,0.25,51.602402780427056,42.69117976074386
0.8,517.3293605244397,379.9453773816912,3.5,0.4,54.38676238969865,51.42872332341459
0.88,588.1326731735344,286.24993475708527,7.0,0.25,58.93079773752876,48.33373959016031
0.81,515.1385458350281,275.3495500826727,7.0,-2.7755575615628914e-17,54.62415818680354,42.81448576068165
0.96,505.4020759542422,353.1756254951803,3.5,0.4,42.11318109429732,37.57350694810003
0.73,644.5780106243392,318.59756232831523,3.5,0.28,57.56228549798227,48.2888357395852
0.88,666.2207537005625,338.83059827761036,3.5,-2.7755575615628914e-17,50.092958377482944,44.48058049125957
0.72,687.2389795918984,328.343366063722,3.5,0.4,54.02205427337707,46.081800031333714
0.816,783.5596990903741,378.3423577396184,7.0,-2.7755575615628914e-17,59.64494897353173,49.96285531426341
0.808,711.143011876988,358.2123835419781,3.5,0.2,57.23420599722147,49.49147275877849
0.67,523.3957835054981,307.339571438197,7.0,0.1,55.93504205289402,47.127210162798704
0.8079999999999999,662.766309333137,334.445329797912,7.0,0.4,64.60457985529479,57.92870436472032
0.96,685.0074072483608,293.9641086137751,7.0,0.25,55.77047234174283,44.25394645457564
0.86,544.2074417474661,348.1126145788612,7.0,0.25,60.22405637208304,50.40443437856074
0.7,689.6651459011368,269.0109621648204,3.5,0.1,48.36296675442814,41.592010459524495
0.73,535.0602101125692,260.67784358490087,7.0,0.25,56.58855475241431,47.05025359391038
0.89,666.0158113912852,372.0367036018459,7.0,0.1,56.37997245340777,50.39244141798952
0.66,645.0300564555814,369.7129404966332,3.5,0.25,57.822013364176,53.04389827633194
0.74,761.707685661174,349.91669033846176,3.5,-2.7755575615628914e-17,50.535482891009465,51.49809321742031
1.0,546.512201273049,301.1799492463094,7.0,0.1,55.87563715949389,44.45381433845805
0.86,577.0245600057419,278.1055906977459,3.5,0.1,45.2027234485188,40.09035299725924
0.64,733.6415218101984,326.38654863811746,7.0,-2.7755575615628914e-17,58.70108734861148,51.83892067846861
0.742,645.9922171344382,340.52823100674163,7.0,0.4,57.97124868733741,46.52713126014485
0.61,687.4082878633711,359.4747486857559,3.5,0.25,60.44267883712978,54.99303517928468
0.99,623.9163807501826,354.6585769675853,3.5,0.4,52.3524227871744,47.024641434276575
0.99,624.9820248386612,324.2151170402008,7.0,-2.7755575615628914e-17,54.933035895477815,44.21811680071949
0.774,793.4511040402311,255.018226095352,3.5,0.18,55.2689340761107,47.96533500232591
0.82,709.5854905006784,369.0854450851909,7.0,-2.7755575615628914e-17,62.02247643582172,51.14686372565341
0.64,700.2330116715488,399.151961632002,3.5,0.25,62.9568390696572,56.06457290160852
0.73,578.6405934658181,368.2902377113791,3.5,0.4,57.8013808735026,51.46112308050319
0.732,737.091026219751,341.98426397910964,7.0,0.1,56.99620072487832,53.02782303462418
0.82,665.0679603039084,376.92177208765065,3.5,-2.7755575615628914e-17,53.3022832883341,46.25782688403808
0.77,689.3181741734877,374.9073089766047,3.5,0.1,58.83049835301262,50.86368918975187
0.69,683.1760696721077,375.9363134865546,7.0,-2.7755575615628914e-17,64.27333657814745,54.08935298821025
0.99,510.5340625061047,288.07907126559576,7.0,0.1,50.786205230775806,43.83283316251424
0.91,550.0339676260012,272.4357855704256,7.0,0.4,55.373791472861946,49.15481580742024
0.9,632.3136143167337,270.9782527181736,7.0,0.09999999999999999,54.01205922151748,45.929142033644304
0.78,518.6510699759434,264.6796028868937,7.0,0.1,54.36894032282308,46.44020775621091
0.66,709.3488492002202,399.84821308278447,3.5,0.4,65.72271692530703,54.58159058428459
0.91,566.80711571039,335.7628227959321,3.5,-2.7755575615628914e-17,50.71549382706401,40.89706532147199
0.66,780.171875494244,281.3244117197977,3.5,-2.7755575615628914e-17,50.850422269290256,45.814736723852015
0.96,765.9132974721464,321.6416709709647,7.0,0.26,57.84475245332885,46.53966986423263
0.62,682.516011586767,333.7422272932077,3.5,0.4,54.709784257355935,48.0912637527384
0.89,568.7372044281877,281.7490426618168,7.0,0.1,52.57207066002173,46.32804762369992
0.74,619.6506317162341,377.4561774497247,7.0,0.1,62.15934342341151,54.13708401384428
0.83,545.1521564153775,349.9120672055232,3.5,0.25,51.28244623204399,43.83379869902301
0.64,638.665154276293,377.29269444645104,7.0,0.25,61.20873483862879,55.05987776661761
0.62,667.1635251325891,349.8197922039436,7.0,0.1,65.227264705245,53.162127123646506
0.95,598.5533838113745,342.9363936983878,7.0,0.25,53.37861528096968,52.07406862559759
0.734,586.3818580898015,362.4296420017784,7.0,0.25,56.19371911771571,49.84326321386693
0.92,582.7404274450696,411.01604252174224,3.5,0.1,52.17461986892505,40.792382726891766
0.82,648.2303562030495,275.05639702402783,3.5,-2.7755575615628914e-17,46.90137301582734,40.94711929181742
0.81,604.9732355944896,402.05514085427376,3.5,0.4,53.45159584277297,47.72785531325594
0.98,575.1265393258236,296.42431143500096,3.5,0.1,45.51805932874087,38.37648900187198
0.938,717.9319314317021,306.01201197057145,3.5,0.4,54.05102057561127,48.262865125993066
0.94,735.1333767915493,330.0980820381026,3.5,0.4,56.43319490380696,49.49843209892023
0.98,532.6402092718256,381.0884992696401,3.5,0.25,51.10983625443705,44.70366541324483
0.82,613.5593954775653,370.9625440029651,7.0,0.25,63.54654920885812,52.495079710276144
0.68,728.1271545971138,331.64400207642694,3.5,0.1,56.94724848424113,47.97655793480428
0.78,555.5586663583123,388.3798203225219,7.0,0.25,61.34361732567289,51.22774340999332
0.83,602.7187657974198,354.30504370020367,3.5,0.13,51.312951443039246,43.32119192378296
0.7,506.5828292814677,409.88967063541145,3.5,0.25,59.964757029536045,50.47648189287064
0.97,727.5143918580666,342.18225566093383,7.0,-2.7755575615628914e-17,56.7038384326076,48.47016377977801
0.82,735.4068687435881,378.1830934632539,7.0,-2.7755575615628914e-17,60.07469773711584,54.06417107960144
0.7,666.4949482465815,261.09399828784024,3.5,0.25,50.407053856058965,47.668934587931005
0.73,692.3196609812624,304.6279148484611,7.0,0.4,60.17438269161672,54.40981176334843
0.86,614.5310614532842,405.77191134711006,3.5,0.25,52.61738141598563,45.05260285705328
0.96,615.0565972568804,337.8308156125495,3.5,0.25,56.04368975923322,43.59660372658006
0.74,752.3111432780842,411.74501751295617,7.0,0.1,64.75254614944383,55.11822978934792
0.62,556.9667574024285,251.1022206299332,7.0,0.4,62.53424701472272,51.20067200746756
0.66,726.1299308695295,330.1109695322434,7.0,0.4,66.03032904640787,53.87928363773219
0.6,697.7251305482271,373.5336092010426,7.0,0.25,67.64777208358127,56.73715592597377
0.91,627.9386604399887,305.74285241788607,7.0,0.4,57.28950782335083,49.71817868558006
0.7,500.4743961227797,328.9389730215013,7.0,-2.7755575615628914e-17,56.28995448389974,44.58323149352709
0.9,747.3346515231376,278.3239905373293,7.0,0.1,57.0566340362594,47.04321606486313
0.97,603.3197431686802,323.6019910864673,7.0,0.1,52.41011907518112,45.38891516653808
0.7,517.8952637173924,336.1702562767906,7.0,0.4,62.93987027628642,54.1468160283612
0.92,724.9147382226511,352.0545609527678,3.5,0.4,58.93225782244794,48.14032643019691
0.76,774.2188352349558,328.5908874678414,7.0,0.4,69.31495156865138,58.82818988950288
0.86,608.9189824507926,286.1000903750472,7.0,0.25,59.5605259375063,50.66277398091325
0.91,671.4072873233621,413.4152748554443,7.0,-2.7755575615628914e-17,60.88253303346851,50.319261935828365
0.78,625.8263940295861,381.7944212111342,3.5,0.25,61.00733594610844,49.132758459527686
0.854,692.5210674057593,388.0916565941819,7.0,0.25,65.96105359303895,56.2066139078697
0.6,753.8346742829027,316.0317177332438,7.0,0.1,67.33344272588477,54.23182464715855
0.9,523.5860715298272,392.8168466727393,3.5,0.37,56.72888209040927,50.22128542579106
0.8,563.7148837530791,349.87481221191206,3.5,-2.7755575615628914e-17,51.8497510741916,41.402154440080274
0.94,551.2764890535042,388.1932309019092,7.0,-2.7755575615628914e-17,57.31997072863766,46.80007603161966
0.8,773.1622920912732,408.5191008632685,7.0,0.25,69.47214076531758,57.205526852149234
0.7,739.6346184420084,265.4079736990462,3.5,0.25,50.17991553493267,43.22656941865692
0.66,725.3734786635952,370.44293004909366,7.0,0.4,68.50781257263586,60.08137829174628
0.73,793.8891257262026,310.1582782952834,3.5,0.25,59.52315862993329,51.63921333949309
0.96,544.2088125693161,307.17110039968014,3.5,0.4,48.400808905723046,46.97432023118155
0.79,635.0982317861174,274.46628805377225,7.0,0.4,61.65974841162562,48.566820513847816
0.65,724.6845668834193,413.70814206765147,7.0,0.4,71.88158103503028,57.14934383602934
0.7,707.4773497970223,376.8693568718908,3.5,-2.7755575615628914e-17,57.521748339011815,51.48813746707484
1.0,551.9855336690138,261.0895186454836,7.0,-2.7755575615628914e-17,51.71350672218032,40.39041067980624
0.81,723.6845846043216,327.5316160073696,7.0,0.25,60.33640282274514,52.37159272177915
0.64,633.693113280773,324.0854237838886,7.0,0.4,67.4427987141638,54.519759180506895
0.74,749.9192954217039,266.233490913924,7.0,0.1,59.456897813311095,48.37647132979534
0.62,546.763637303048,313.7394572688229,3.5,0.1,54.25842642142232,48.02241767496028
0.61,697.680463787058,277.7296289536029,7.0,-2.7755575615628914e-17,61.22989416749189,55.47928723226549
0.92,521.2857099977929,274.5928401939884,3.5,0.1,45.01516308115036,38.46443771656936
0.61,546.1248516870069,315.8246836162109,7.0,0.25,57.68787555389437,51.30161376415276
0.93,655.3766793683499,286.5239041324966,3.5,0.4,52.153103056336285,42.51450287329014
0.744,563.828187479716,400.345727175039,3.5,0.09,57.9747971179443,51.41763228733021
0.87,660.4662322419929,380.4583166746446,3.5,0.17,57.79718227183997,48.0443183679544
0.92,712.4271731527982,374.8316825740019,7.0,-2.7755575615628914e-17,57.550040476643616,49.57548315371383
0.71,694.1752042175309,341.6184660673868,7.0,0.4,64.85516403942025,55.61182624981457
0.72,736.6631832777416,335.24834748726937,3.5,-2.7755575615628914e-17,56.72137079037877,49.7041036007438
0.98,581.3934654732728,379.5211637804184,7.0,0.07,51.70322121411717,46.20664193684233
0.7,784.8950186121888,378.4094600212799,7.0,-2.7755575615628914e-17,65.40170077993689,54.43804987446766
0.66,626.2711752384015,328.82061392971843,3.5,0.4,58.85813182031606,50.22080926975143
0.68,528.5689537415406,296.3876081225072,7.0,0.1,56.01183417638098,48.35585556097281
0.65,719.6194650016985,291.2312803129002,3.5,-2.7755575615628914e-17,52.29930974320884,47.79958039772853
0.82,696.5715437612618,391.9706057996637,3.5,0.04000000000000001,58.83651675736552,47.631140258778856
0.91,608.8648441399489,313.1960091687074,7.0,0.1,55.294672227655525,45.88353744154097
0.68,647.364144724987,374.3269861444041,7.0,0.1,63.44801464544175,56.35852247275191
0.89,742.2293807268155,319.83617584990515,3.5,-2.7755575615628914e-17,48.99323351472925,43.80177119723166
0.61,721.2484208235538,321.7201581638487,7.0,-2.7755575615628914e-17,60.62407540088923,51.16934774542303
0.68,534.6418084282978,348.17496300531803,7.0,0.25,64.85541424717647,51.70153359360648
0.67,552.7893441532264,372.7138767632896,3.5,0.25,58.65589615179188,49.82318024055456
0.65,628.0654753111697,297.7279330352903,3.5,0.16,54.16272535365345,44.09391142258365
0.9,654.1714534760265,396.7357912678737,7.0,0.4,62.374269742897454,55.302852250447735
0.88,783.8482774724132,323.2270013767824,3.5,0.4,61.20960800482139,50.12108344030364
0.93,663.7867045790559,310.4367500464517,3.5,0.1,48.75148057877649,39.77087602888424
0.86,589.5803366864372,318.043349967598,7.0,0.1,53.79748620239667,47.67227864987564
