Relative_Compactness,Surface_Area,Wall_Area,Overall_Height,Glazing_Area
0.74,665.4294022197046,328.6167459026647,3.5,0.4
0.85,786.7619679960835,419.5783238709101,7.0,0.1
0.94,627.1726789873027,378.0125144093301,3.5,0.25
0.83,719.5561629755758,398.5268719351232,7.0,0.1
0.82,558.9360505778463,309.682858565516,3.5,0.1
0.8,738.9376945033139,344.6948679456194,3.5,-2.7755575615628914e-17
0.98,715.0893419935717,312.8603730874138,7.0,0.25
0.61,595.3361136478458,349.00297399320857,7.0,0.2
0.64,788.4833605208767,383.3695464502517,3.5,0.1
0.77,763.2550502339137,353.8536970350268,3.5,0.4
